created_at;full_text;tweet_url;media;relevan;link 
08/09/2025 13:08;Pemerintah tegaskan komitmen untuk memastikan Program Makan Bergizi Gratis (MBG) tidak hanya memenuhi kebutuhan gizi tapi juga menjamin pangan yang aman sehat halal dan thayyib. #YangPentingHalal #MakanBergiziGratis #BPJPH #BadanGiziNasional #Halal https://t.co/HFw4uRLbut;https://x.com/undefined/status/1965039463475945875;media;relevan;https://x.com/undefined/status/1965039463475945875
08/09/2025 14:31;MBG = Makan Bicep Gratis https://t.co/4zSrBGBRtA;https://x.com/undefined/status/1965060431414018080;not media;not relevan;https://x.com/undefined/status/1965060431414018080
08/09/2025 13:42;Program makan bergizi gratis atau MBG itu bukti nyata pemerintah serius hadir dengan pengelolaan transparan tanpa mark up dan anti korupsi https://t.co/VNCEkH99zm;https://x.com/undefined/status/1965048126525591773;not media;not relevan;https://x.com/undefined/status/1965048126525591773
08/09/2025 11:25;Pemerintah serius dong menghadirkan makan bergizi gratis MBG semua prosesnya at cost transparan dan diawasi langsung oleh BPKP dan KPK https://t.co/Rnq2sInZBY;https://x.com/undefined/status/1965013663846461894;not media;not relevan;https://x.com/undefined/status/1965013663846461894
08/09/2025 14:21;MBG wajib hukumnya kelola makan bergizi gratis dengan dana transparan dan harga pasar biar aman https://t.co/Or14scfjMM;https://x.com/undefined/status/1965057925447311574;not media;relevan;https://x.com/undefined/status/1965057925447311574
08/09/2025 13:36;Lewat MBG anak bangsa dapat makan bergizi gratis secara bersih pengelolaan dana terbuka harga at cost diawasi ketat https://t.co/J0IOPGGDnb;https://x.com/undefined/status/1965046498846187639;not media;not relevan;https://x.com/undefined/status/1965046498846187639
08/09/2025 13:25;MBG berkomitmen makan bergizi gratis yang aman pengelolaan dana transparan at cost selalu diawasi lembaga independen https://t.co/Ys4g9KLL45;https://x.com/undefined/status/1965043844690669569;not media;not relevan;https://x.com/undefined/status/1965043844690669569
08/09/2025 14:44;Makan bergizi gratis bisa jadi nyata lewat MBG pengelolaannya transparan harga beneran at cost diawasi supaya uang negara tepat guna https://t.co/GiJokyAMDi;https://x.com/undefined/status/1965063614982930910;not media;relevan;https://x.com/undefined/status/1965063614982930910
08/09/2025 13:42;"Makan bergizi gratis berkat MBG anggaran dikelola sesuai harga pasar dan transparan lewat KPPN ada pengawasan BPKP &amp; KPK jadi pasti tepat dan bersih https://t.co/M3ehBsMF8G";https://x.com/undefined/status/1965048155592077365;not media;not relevan;https://x.com/undefined/status/1965048155592077365
08/09/2025 15:08;Semua program makan bergizi gratis di MBG jelas at cost pengelolaan dana lewat KPPN biar transparan BPKP dan KPK terus memantau https://t.co/6plxccwWam;https://x.com/undefined/status/1965069801728139711;not media;relevan;https://x.com/undefined/status/1965069801728139711
08/09/2025 13:44;Mau makan bergizi gratis yang terpercaya? MBG jawabannya kelola anggaran terbuka awasi BPKP dan KPK harga at cost pemerintah gak main-main prioritaskan anak bangsa https://t.co/sM59LdO5fh;https://x.com/undefined/status/1965048535071813885;not media;not relevan;https://x.com/undefined/status/1965048535071813885
08/09/2025 14:56;Pemerintah buktiin lewat MBG bahwa makan bergizi gratis itu bisa dikelola transparan harga at cost semua open nggak bisa dimark up https://t.co/4O5lwR9TBp;https://x.com/undefined/status/1965066783452533204;not media;relevan;https://x.com/undefined/status/1965066783452533204
08/09/2025 13:51;Program makan bergizi gratis nggak sembarangan KPPN urus transparan at cost BPKP dan KPK juga ikut pantau semua proses https://t.co/jE5EHmvzSz;https://x.com/undefined/status/1965050432595898572;not media;relevan;https://x.com/undefined/status/1965050432595898572
08/09/2025 23:37;Babinsa Desa Gunung Perak Koramil 1424-02/Sinjai Barat Kodim 1424/Sinjai melaksanakan kegiatan komunikasi sosial dan pemantauan pembangunan dapur sehat Mandiri dalam rangka Pelayanan Makan Bergizi Gratis (MBG) #tniad #dispenad #puspentni #TNIindonesia https://t.co/uoFNKSgHT9;https://x.com/undefined/status/1965197767946764488;media;relevan;https://x.com/undefined/status/1965197767946764488
08/09/2025 14:08;Makan bergizi gratis jadi nyata lewat MBG yang dikelola terbuka harga sesuai pasar diawasi agar anti korupsi https://t.co/8W1TCtboKq;https://x.com/undefined/status/1965054517894140160;not media;relevan;https://x.com/undefined/status/1965054517894140160
08/09/2025 13:19;MBG jawab tantangan buat makan bergizi gratis dengan sistem pengelolaan terbuka at cost tanpa mark up pengawasan maksimal anti korupsi https://t.co/UTU3M970vo;https://x.com/undefined/status/1965042434368569789;not media;relevan;https://x.com/undefined/status/1965042434368569789
08/09/2025 14:39;Atur dana makan bergizi gratis terbuka dan at cost lewat MBG BPKP dan KPK pastikan semuanya berjalan jujur tanpa mark up https://t.co/Eae7R2vFfo;https://x.com/undefined/status/1965062491337359429;not media;relevan;https://x.com/undefined/status/1965062491337359429
08/09/2025 14:35;Anggaran MBG buat makan bergizi gratis nggak bisa asal semuanya sesuai harga pasar dan selalu diawasi https://t.co/BwzG59yTAq;https://x.com/undefined/status/1965061532280324575;not media;relevan;https://x.com/undefined/status/1965061532280324575
08/09/2025 13:55;Makan bergizi gratis makin terjaga dengan MBG karena setiap anggaran terbuka harga at cost BPKP dan KPK selalu mengawasi prosesnya https://t.co/ogZ42Sjzyt;https://x.com/undefined/status/1965051422019657904;not media;relevan;https://x.com/undefined/status/1965051422019657904
08/09/2025 15:00;MBG atau makan bergizi gratis jadi bukti pemerintah menghadirkan masa depan cerah dengan anggaran transparan plus pengawasan ketat BPKP dan KPK https://t.co/V3TFghQdXy;https://x.com/undefined/status/1965067796540514743;not media;relevan;https://x.com/undefined/status/1965067796540514743
08/09/2025 14:23;Makan bergizi gratis dari MBG bukan asal program anggarannya dikelola transparan sesuai harga anti mark up dan diawasi KPK https://t.co/mVXX7Vix8u;https://x.com/undefined/status/1965058347562053812;not media;relevan;https://x.com/undefined/status/1965058347562053812
08/09/2025 13:26;MBG jadi bukti keseriusan pemerintah makan bergizi gratis tetap bersih karena diawasi dan dikelola secara transparan https://t.co/emibXvnR1u;https://x.com/undefined/status/1965043957668393311;not media;relevan;https://x.com/undefined/status/1965043957668393311
08/09/2025 16:07;Makan bergizi gratis lewat MBG dana 100% transparan harga at cost dan sistem pengawasan didukung penuh lembaga anti korupsi https://t.co/eVnJWJT4zX;https://x.com/undefined/status/1965084535869321347;not media;relevan;https://x.com/undefined/status/1965084535869321347
08/09/2025 14:39;MBG adalah bukti kepedulian pemerintah makan bergizi gratis diberikan dengan pengelolaan jelas lewat KPPN harga mengikuti pasar pengawasan BPKP dan KPK maksimal https://t.co/XJAJMznwa5;https://x.com/undefined/status/1965062451806040307;not media;relevan;https://x.com/undefined/status/1965062451806040307
08/09/2025 15:07;"Pemerintah buktikan lewat MBG makan bergizi gratis bisa dikelola transparan pakai harga at cost selalu dapat pengawasan dari BPKP &amp; KPK https://t.co/Y5oyvsE7Uw";https://x.com/undefined/status/1965069435561206199;not media;relevan;https://x.com/undefined/status/1965069435561206199
08/09/2025 14:36;Makan bergizi gratis dengan MBG at cost tanpa mark up dan pengelolaan terbuka jadi prioritas utama https://t.co/3QiAQmtbvG;https://x.com/undefined/status/1965061730159243641;not media;relevan;https://x.com/undefined/status/1965061730159243641
08/09/2025 14:39;MBG bikin makan bergizi gratis jadi program yang bersih dan jelas semua prosesnya transparan dari KPPN sampai diawasi BPKP serta KPK https://t.co/HqFzuD3nC7;https://x.com/undefined/status/1965062479832346926;not media;relevan;https://x.com/undefined/status/1965062479832346926
08/09/2025 13:17;Lewat MBG makan bergizi gratis jadi prioritas bangsa semua proses terbuka dan detail harga at cost selalu jadi pedoman https://t.co/cYMywxSTOf;https://x.com/undefined/status/1965041775388881136;not media;relevan;https://x.com/undefined/status/1965041775388881136
08/09/2025 14:39;Bukti anak bangsa diprioritaskan MBG atau makan bergizi gratis seluruh anggaran at cost proses transparan no mark up dan diawasi BPKP juga KPK https://t.co/jwT3VADXeu;https://x.com/undefined/status/1965062437499224147;not media;relevan;https://x.com/undefined/status/1965062437499224147
08/09/2025 14:38;MBG jadi bukti layanan makan bergizi gratis bisa dijalankan dengan sistem pengawasan ekstra ketat https://t.co/CReoSaEAfP;https://x.com/undefined/status/1965062238638833750;not media;relevan;https://x.com/undefined/status/1965062238638833750
08/09/2025 14:48;Gak cuma janji MBG hadir dengan makan bergizi gratis yang semua proses anggarannya transparan dan diawasi https://t.co/EOOLzPnA1O;https://x.com/undefined/status/1965064711264989651;not media;relevan;https://x.com/undefined/status/1965064711264989651
08/09/2025 14:10;Dengan MBG makan bergizi gratis sudah pasti aman karena seluruh proses keuangannya terbuka dan diawasi oleh KPPN plus lembaga anti korupsi https://t.co/Q9Fz2M4ehl;https://x.com/undefined/status/1965055032392651061;not media;relevan;https://x.com/undefined/status/1965055032392651061
08/09/2025 13:23;Mau masa depan anak bangsa lebih sehat Ikut dukung MBG makan bergizi gratis lewat anggaran transparan harga at cost dan pengawasan BPKP-KPK https://t.co/fy1cJupn5L;https://x.com/undefined/status/1965043273174769965;not media;relevan;https://x.com/undefined/status/1965043273174769965
08/09/2025 15:07;Makan bergizi gratis jadi prioritas negeri lewat MBG yang terbuka dana jelas harga at cost pengawasan resmi terus jalan https://t.co/VByHF5SxU6;https://x.com/undefined/status/1965069442771263831;not media;relevan;https://x.com/undefined/status/1965069442771263831
08/09/2025 13:45;Nggak perlu takut anggaran makan bergizi gratis di MBG bakal disalahgunakan semua at cost KPPN kelola BPKP dan KPK ikut mantau https://t.co/RQ07RyPlie;https://x.com/undefined/status/1965048737245630690;not media;relevan;https://x.com/undefined/status/1965048737245630690
08/09/2025 14:31;MBG ajak kita percaya makan bergizi gratis dikelola transparan semua lewat KPPN harga tetap at cost dan diawasi langsung BPKP serta KPK https://t.co/U1UU3PmZ4d;https://x.com/undefined/status/1965060543003365754;not media;relevan;https://x.com/undefined/status/1965060543003365754
08/09/2025 14:54;Keberadaan MBG menjamin makan bergizi gratis yang bersih dan tanpa celah korupsi anggaran dipegang KPPN diawasi ketat BPKP dan KPK harga selalu at cost https://t.co/mw6F9dx5Ur;https://x.com/undefined/status/1965066102112977118;not media;relevan;https://x.com/undefined/status/1965066102112977118
08/09/2025 15:05;Anggaran makan bergizi gratis MBG nggak ada yang disembunyikan lewat KPPN harga at cost semua pengawasan ganda https://t.co/8KS5gvHzCK;https://x.com/undefined/status/1965068881296498780;not media;relevan;https://x.com/undefined/status/1965068881296498780
08/09/2025 12:28;Nggak ada celah korupsi di MBG makan bergizi gratis sudah diatur at cost dan prosesnya transparan abis https://t.co/28wOAxo9n3;https://x.com/undefined/status/1965029543485616561;not media;relevan;https://x.com/undefined/status/1965029543485616561
08/09/2025 16:51;!roblox siapa yang udah dapat MBG dari badarawuhi (map : konon) https://t.co/7znv5CADcc;https://x.com/undefined/status/1965095755686740476;not media;not relevan;https://x.com/undefined/status/1965095755686740476
08/09/2025 13:23;Dukung makan bergizi gratis dana transparan dikelola KPPN at cost dan setiap rupiah diaudit BPKP serta KPK https://t.co/yPkbzTI9WP;https://x.com/undefined/status/1965043382541316513;not media;relevan;https://x.com/undefined/status/1965043382541316513
08/09/2025 14:20;Pemerintah buktikan komitmen lewat makan bergizi gratis anggaran super transparan di KPPN harga pasar at cost pengawasan ketat BPKP dan KPK https://t.co/Woks2kBHnR;https://x.com/undefined/status/1965057642478628915;not media;relevan;https://x.com/undefined/status/1965057642478628915
08/09/2025 14:06;Makan bergizi gratis makin aman dan tepat sasaran KPPN kelola semua biaya at cost BPKP plus KPK pastiin gak ada yang bisa mainin dana https://t.co/EK0JX10bpP;https://x.com/undefined/status/1965054106646765733;not media;relevan;https://x.com/undefined/status/1965054106646765733
08/09/2025 13:47;Setiap detail dana MBG untuk makan bergizi gratis dijaga at cost dan selalu transparan dari awal sampai akhir https://t.co/4ztD0cha6x;https://x.com/undefined/status/1965049432866795744;not media;relevan;https://x.com/undefined/status/1965049432866795744
08/09/2025 12:40;Pengelolaan anggaran MBG buat makan bergizi gratis sepenuhnya terbuka harga at cost dijaga BPKP dan KPK setiap saat https://t.co/WHEjoL623e;https://x.com/undefined/status/1965032409830994228;not media;relevan;https://x.com/undefined/status/1965032409830994228
08/09/2025 13:06;"Bersama MBG makan bergizi gratis bukan angan-angan anggaran diawasi BPKP &amp; KPK dikelola KPPN harga at cost biar anak Indonesia makin kuat https://t.co/irJ4HqXNxy";https://x.com/undefined/status/1965039147896451135;not media;relevan;https://x.com/undefined/status/1965039147896451135
08/09/2025 14:50;Makan bergizi gratis MBG melibatkan pengawasan ketat dari BPKP serta KPK dana transparan harga at cost zero manipulasi https://t.co/LjdlB4eGZ1;https://x.com/undefined/status/1965065320223453216;not media;relevan;https://x.com/undefined/status/1965065320223453216
08/09/2025 14:49;Nggak ada ruang buat korupsi di MBG makan bergizi gratis aturannya super ketat dan selalu diawasi https://t.co/FH9OSYx9DQ;https://x.com/undefined/status/1965064851002450378;not media;relevan;https://x.com/undefined/status/1965064851002450378
08/09/2025 14:19;MBG bukan sekadar janji makan bergizi gratis beneran dikawal sampai detail aman dan layak buat anak Indonesia https://t.co/gkjHFggPxR;https://x.com/undefined/status/1965057531849675199;not media;relevan;https://x.com/undefined/status/1965057531849675199
08/09/2025 13:24;MBG bukti nyata makan bergizi gratis dari pemerintah anggaran terbuka tak ada markup semua diawasi BPKP dan KPK https://t.co/aXYrR5VV8g;https://x.com/undefined/status/1965043677044310312;not media;relevan;https://x.com/undefined/status/1965043677044310312
08/09/2025 11:25;"Demi anak-anak Indonesia MBG hadirkan makan bergizi gratis anggaran dikelola terbuka diawasi BPKP &amp; KPK harga cuma sesuai pasar no mark up https://t.co/qtIDsuXUTu";https://x.com/undefined/status/1965013734667293040;not media;relevan;https://x.com/undefined/status/1965013734667293040
08/09/2025 14:21;Lewat MBG makan bergizi gratis anak-anak dipastikan bersih at cost dikelola terbuka BPKP dan KPK jagain supaya ga ada celah korupsi https://t.co/yJSHviBJpP;https://x.com/undefined/status/1965057933282271608;not media;relevan;https://x.com/undefined/status/1965057933282271608
08/09/2025 13:16;Sekarang makin yakin sama MBG makan bergizi gratis yang diberikan bersih anggaran dikelola KPPN sesuai harga pasar BPKP dan KPK jamin transparansi https://t.co/kNMa88sTfq;https://x.com/undefined/status/1965041432709976375;not media;relevan;https://x.com/undefined/status/1965041432709976375
08/09/2025 10:52;LANGSUNG DIMULAI! Hari pertama Program MBG (Makan Bergizi Gratis) di SMKN 1 Bondowoso! Nutrisi terpenuhi semangat belajar menguat! #MakanBergiziGratis #SMKN1Bondowoso https://t.co/1yI2vvJeZQ;https://x.com/undefined/status/1965005318737580331;media;relevan;https://x.com/undefined/status/1965005318737580331
08/09/2025 16:39;Gengs program makan bergizi gratis di MBG itu terbuka diawasi lembaga besar pengeluaran sesuai harga pasar bebas mark up serius buat generasi emas https://t.co/g9GGzVK84G;https://x.com/undefined/status/1965092673670566099;not media;relevan;https://x.com/undefined/status/1965092673670566099
08/09/2025 15:27;Program MBG makan bergizi gratis uang negara aman lewat KPPN harga transparan dan pengawasan dari BPKP juga KPK https://t.co/WTJA8fItns;https://x.com/undefined/status/1965074468264628730;not media;relevan;https://x.com/undefined/status/1965074468264628730
08/09/2025 14:03;Transparansi penuh di MBG makan bergizi gratis didukung pemerintah secara terbuka dikelola KPPN harga menyesuaikan pasar BPKP dan KPK terus mengawasi https://t.co/iFBE5NfEK0;https://x.com/undefined/status/1965053442721988757;not media;relevan;https://x.com/undefined/status/1965053442721988757
08/09/2025 14:21;Layanan makan bergizi gratis MBG hadir dari anggaran yang bersih dan diawasi maksimal sama BPKP dan KPK https://t.co/yrZEaTUbKZ;https://x.com/undefined/status/1965057881272959136;not media;relevan;https://x.com/undefined/status/1965057881272959136
08/09/2025 14:21;Makan bergizi gratis dari MBG itu at cost dikelola terbuka mulai dari KPPN dan pasti diawasi KPK serta BPKP jelas nggak main-main https://t.co/9Bm9WW3tW1;https://x.com/undefined/status/1965057968187302268;not media;relevan;https://x.com/undefined/status/1965057968187302268
08/09/2025 13:19;@txtdrimedia Sumpah mending mbg di udahin aja deh akuin kalo emg gak berjalan baik gakpp kok kita ngerti pak. Sayang di anggaran soalnya masih banyak yg perlu dibenerin dan butuh banyak anggaran. Jgn terkesan cuman ngedepanin ego trus biar daper validasi aja kasihan kami kami ini pak;https://x.com/undefined/status/1965042372225708290;not media;relevan;https://x.com/undefined/status/1965042372225708290
08/09/2025 12:56;Makan bergizi gratis adalah bukti pemerintah serius at cost dana terkontrol lewat KPPN awasi BPKP dan KPK https://t.co/J5kp5hRIeh;https://x.com/undefined/status/1965036606878085130;not media;relevan;https://x.com/undefined/status/1965036606878085130
08/09/2025 14:01;Pemerintah hadirkan makan bergizi gratis lewat MBG dengan pengelolaan anggaran transparan harga at cost diawasi BPKP dan KPK 100% bebas mark up https://t.co/mMLlqb7pXA;https://x.com/undefined/status/1965052838868111565;suspend;relevan;https://x.com/undefined/status/1965052838868111565
08/09/2025 13:53;Makin gampang dapet makan bergizi gratis berkat MBG semua dana pakai sistem transparan dari KPPN diawasi tiga pihak https://t.co/MhF2hMz99T;https://x.com/undefined/status/1965050842672931149;suspend;relevan;https://x.com/undefined/status/1965050842672931149
08/09/2025 13:40;"Makan bergizi gratis tak lagi sekadar impian MBG hadirkan lewat dana transparan harga at cost pengawasan ketat dari BPKP &amp; KPK https://t.co/H3Jx98p0UH";https://x.com/undefined/status/1965047678674563149;suspend;relevan;https://x.com/undefined/status/1965047678674563149
08/09/2025 14:06;Makan bergizi gratis sekarang jelas dan bersih bareng MBG harga at cost dana lewat jalur KPPN pengawasan ketat https://t.co/D0jEy4eGPL;https://x.com/undefined/status/1965054233646096851;not media;relevan;https://x.com/undefined/status/1965054233646096851
08/09/2025 12:54;Bersama MBG makan bergizi gratis untuk anak bangsa dikelola jujur terbuka ga ada mark up dan pengawasan maksimal biar tepat sasaran https://t.co/Zfb7SLDnBj;https://x.com/undefined/status/1965035985949151253;suspend;relevan;https://x.com/undefined/status/1965035985949151253
08/09/2025 13:35;Kapolsek Adimulyo Iptu Mugiyono beserta Kanit Binmas Polsek Adimulyo menghadiri kegiatan launching makan bergizi gratis SPPG Dapur Harapan Bangsa Desa Candiwulan Kecamatan Adimulyo dibawah yayasan Girli Ummami Ceria di SMP N 2 Adimulyo https://t.co/dxqikW1sMk;https://x.com/undefined/status/1965046395200844021;media ;relevan;https://x.com/undefined/status/1965046395200844021
08/09/2025 14:33;Setiap pengeluaran makan bergizi gratis MBG transparan dan bebas korupsi diawasi langsung sama KPK https://t.co/fjmV0JBnVM;https://x.com/undefined/status/1965060869873930464;suspend;relevan;https://x.com/undefined/status/1965060869873930464
08/09/2025 13:27;Setiap rupiah MBG buat makan bergizi gratis bisa dilacak dikelola transparan harga at cost BPKP dan KPK awasi biar dana sampai tepat sasaran https://t.co/eXci3fr5m0;https://x.com/undefined/status/1965044342428750140;suspend;relevan;https://x.com/undefined/status/1965044342428750140
08/09/2025 13:34;Makan bergizi gratis melalui MBG benar-benar terbuka anggaran lewat KPPN diawasi oleh BPKP dan KPK harga selalu mengikuti pasar dan at cost https://t.co/kijBR5jtjM;https://x.com/undefined/status/1965046000114090057;suspend;relevan;https://x.com/undefined/status/1965046000114090057
08/09/2025 13:07;Program makan bergizi gratis MBG makin terpercaya anggaran dikelola at cost di KPPN dan diawasi bareng KPK dan BPKP https://t.co/dpvvKDoqYB;https://x.com/undefined/status/1965039207547884000;suspend;relevan;https://x.com/undefined/status/1965039207547884000
08/09/2025 14:17;Jaga masa depan anak bangsa program MBG hadir dengan makan bergizi gratis yang dikelola benar dan transparan https://t.co/xtooX3SkHp;https://x.com/undefined/status/1965056956458221905;suspend;relevan;https://x.com/undefined/status/1965056956458221905
08/09/2025 14:44;Transparan dan tanpa mark up begitu pengelolaan MBG jadi yakin program makan bergizi gratis ini lebih aman dan tepat sasaran https://t.co/8e5ILH3Zig;https://x.com/undefined/status/1965063697791127723;not media;relevan;https://x.com/undefined/status/1965063697791127723
08/09/2025 14:21;MBG itu jaminan makan bergizi gratis dikasih dengan pengelolaan dana yang bener dan diawasin https://t.co/ESJX0UF1VU;https://x.com/undefined/status/1965057952345419874;not media;relevan;https://x.com/undefined/status/1965057952345419874
08/09/2025 17:03;Bersama MBG makan bergizi gratis buat anak Indonesia dikelola oleh KPPN secara terbuka awasi BPKP dan KPK semua sesuai harga pasar pemerintah hadir nyata https://t.co/vzFj4T1Cge;https://x.com/undefined/status/1965098737187037694;suspend;relevan;https://x.com/undefined/status/1965098737187037694
08/09/2025 18:50;Biar makin tenang makan bergizi gratis dari MBG dikelola tanpa mark up semua jelas diawasi https://t.co/8MQAUjiL4E;https://x.com/undefined/status/1965125511916798449;suspend;relevan;https://x.com/undefined/status/1965125511916798449
08/09/2025 15:47;MBG pastikan makan bergizi gratis selalu tepat sasaran dana dan harga transparan pengawasan penuh biar bersih dari korupsi https://t.co/PuqiYeioFc;https://x.com/undefined/status/1965079486971679092;suspend;relevan;https://x.com/undefined/status/1965079486971679092
08/09/2025 14:20;Bersih dan tepat makan bergizi gratis MBG diawasi BPKP KPK serta dikelola langsung melalui KPPN https://t.co/hbhQhBTatg;https://x.com/undefined/status/1965057599747101066;not media;relevan;https://x.com/undefined/status/1965057599747101066
08/09/2025 14:17;"Pemerintah hadirkan makan bergizi gratis lewat MBG dengan keterbukaan harga at cost anggaran aman berkat KPPN pengawasan BPKP &amp; KPK selalu ketat https://t.co/PVrgQHlOAu";https://x.com/undefined/status/1965057024842215929;suspend;relevan;https://x.com/undefined/status/1965057024842215929
08/09/2025 11:44;Tingkatkan Kualitas Pendidikan Madrasah. Kepala Kemenag Bojonegoro Amanulloh membuka Workshop Deep Learning di MTsN 3 Bojonegoro Senin (8/9/2025). Usai membuka acara rombongan meninjau asrama santri serta melakukan pengecekan Program Makan Bergizi Gratis (MBG) bagi siswa. https://t.co/FSTiepDrGf;https://x.com/undefined/status/1965018492257939687;media;not relevan;https://x.com/undefined/status/1965018492257939687
08/09/2025 14:44;Program MBG hadir dengan makan bergizi gratis dana dikelola at cost lewat KPPN semua diawasi ketat https://t.co/0FASiM5TlU;https://x.com/undefined/status/1965063774630756841;suspend;relevan;https://x.com/undefined/status/1965063774630756841
08/09/2025 13:31;Makan bergizi gratis lewat MBG prioritas anak bangsa segala transaksi dicek KPPN ga pakai mark up dan selalu diawasi https://t.co/tFbX2brbml;https://x.com/undefined/status/1965045305155715133;suspend;relevan;https://x.com/undefined/status/1965045305155715133
08/09/2025 15:04;Nggak usah khawatir MBG hadirkan makan bergizi gratis selalu diawasi dan dikelola transparan https://t.co/qvGAZ1pTct;https://x.com/undefined/status/1965068824019190055;suspend;relevan;https://x.com/undefined/status/1965068824019190055
08/09/2025 14:55;MBG jadi bukti makan bergizi gratis bisa diatur tanpa celah korupsi semua dana terbuka dijaga lembaga pengawas https://t.co/u2pFjmdONx;https://x.com/undefined/status/1965066539255914995;not media;relevan;https://x.com/undefined/status/1965066539255914995
08/09/2025 14:21;Makan bergizi gratis dari MBG hasil kerja nyata pemerintah buat masa depan generasi di bawah pengawasan tiga lembaga besar https://t.co/TGv18OKiLx;https://x.com/undefined/status/1965057966488633761;suspend;relevan;https://x.com/undefined/status/1965057966488633761
08/09/2025 14:34;MBG hadir sebagai terobosan makan bergizi gratis pengelolaan dana terbuka harga diatur at cost BPKP dan KPK terus awasi https://t.co/WuAZtIqHT2;https://x.com/undefined/status/1965061262767014165;not media;relevan;https://x.com/undefined/status/1965061262767014165
08/09/2025 13:58;Makan bergizi gratis lewat MBG nggak ada mark up harga pasti at cost semua proses jelas dan valid https://t.co/SyM4seiJgt;https://x.com/undefined/status/1965052127761580375;suspend;relevan;https://x.com/undefined/status/1965052127761580375
08/09/2025 11:39;Makan bergizi gratis dari MBG harga nggak ngawur semua diatur at cost dikelola KPPN diawasi BPKP dan KPK bebas mark up https://t.co/EiKJfCt6YQ;https://x.com/undefined/status/1965017087937745112;suspend;relevan;https://x.com/undefined/status/1965017087937745112
08/09/2025 15:30;MBG hadir tuk makan bergizi gratis yang bersih at cost transparan diawasi BPKP dan KPK agar tepat sasaran generasi Indonesia https://t.co/UMed4pTmzG;https://x.com/undefined/status/1965075228197040539;suspend;relevan;https://x.com/undefined/status/1965075228197040539
08/09/2025 13:39;Gak perlu ragu MBG hadir dengan makan bergizi gratis pengelolaannya terbuka lewat KPPN harga sesuai pasar BPKP dan KPK selalu mengawasi https://t.co/Iq3iyjOmab;https://x.com/undefined/status/1965047443554525630;suspend;relevan;https://x.com/undefined/status/1965047443554525630
08/09/2025 13:34;@efraimsthoughts Gw udah pernah bilang beliau ini udah diluar batas kemampuan dia. Kebijakan Wowo terutama MBG bikin sakit kepala tapi maksa. Orang cerdas tapi cuma kayak kasir + plus jadi samsak kemarahan rakyat doang. Gw juga bingung penjarahan kemarin inisiatif siapa.;https://x.com/undefined/status/1965046085854150889;not media;relevan;https://x.com/undefined/status/1965046085854150889
08/09/2025 11:20;Semua proses makan bergizi gratis terbuka at cost BPKP sama KPK juga ngontrol KPPN kelola langsung jadi kamu bisa tenang https://t.co/7oZ0pHHlqA;https://x.com/undefined/status/1965012373749841935;not media;relevan;https://x.com/undefined/status/1965012373749841935
08/09/2025 13:06;Pengelolaan MBG buat makan bergizi gratis semuanya terbuka harga pasar ada BPKP dan KPK yang mengawasi ketat https://t.co/FNXzy9hhJP;https://x.com/undefined/status/1965038922951700685;suspend;relevan;https://x.com/undefined/status/1965038922951700685
08/09/2025 12:51;Karangasem Polsek Karangasem bersama instansi terkait mendampingi kegiatan Launching Pendistribusian Makan Bergizi Gratis (MBG) yang berlangsung di Satuan Pelayanan Pemenuhan Gizi (SPPG) Desa Adat Peladung Kelurahan Padangkerta Senin (08/09/2025). https://t.co/5IxvzlesaQ;https://x.com/undefined/status/1965035299018551678;media;relevan;https://x.com/undefined/status/1965035299018551678
08/09/2025 13:48;Setiap rupiah MBG buat makan bergizi gratis dicatat transparan lewat KPPN dan diawasi BPKP sama KPK semua harga diambil at cost jadi nggak ada celah mark up https://t.co/GjxwXaZDxw;https://x.com/undefined/status/1965049550206574818;suspend;relevan;https://x.com/undefined/status/1965049550206574818
08/09/2025 14:22;"Setiap rupiah di MBG buat makan bergizi gratis at cost nggak bisa dimark up semua proses diawasi BPKP &amp; KPK https://t.co/bJoZE68ZAA";https://x.com/undefined/status/1965058087615918546;not media;relevan;https://x.com/undefined/status/1965058087615918546
08/09/2025 12:47;Makan bergizi gratis dari MBG beneran terjamin seluruh dana transparan lewat KPPN ditekan biar gak bisa markup diawasi BPKP dan KPK https://t.co/ZaY8205Nyx;https://x.com/undefined/status/1965034244780240957;not media;relevan;https://x.com/undefined/status/1965034244780240957
08/09/2025 13:52;MBG hadir dengan jaminan makan bergizi gratis bisa dinikmati semua tanpa kecuali karena dukungan sistem transparan https://t.co/XDMIRtZiIe;https://x.com/undefined/status/1965050493014843780;suspend;relevan;https://x.com/undefined/status/1965050493014843780
08/09/2025 16:57;Semua biaya makan bergizi gratis di MBG transparan lewat KPPN harga diatur biar anti mark up selalu diawasi pihak berwenang https://t.co/o4uusOREXj;https://x.com/undefined/status/1965097082093797778;not media;relevan;https://x.com/undefined/status/1965097082093797778
08/09/2025 13:34;Ada MBG anak sekolah dapet makan bergizi gratis dari pemerintah dikelola transparan oleh KPPN dan diawasi supaya nggak ada mark up https://t.co/Q6aE9wRYB8;https://x.com/undefined/status/1965046159761936529;suspend;relevan;https://x.com/undefined/status/1965046159761936529
08/09/2025 11:21;MBG memastikan kamu dapat makan bergizi gratis dari anggaran yang dikelola super transparan https://t.co/qAT7m8e4zV;https://x.com/undefined/status/1965012681859149872;not media;relevan;https://x.com/undefined/status/1965012681859149872
08/09/2025 13:32;Keamanan anggaran makan bergizi gratis lewat MBG pengelolaan jelas harga at cost pengawasan maksimal https://t.co/xTpV4vgybW;https://x.com/undefined/status/1965045503621763344;suspend;relevan;https://x.com/undefined/status/1965045503621763344
08/09/2025 11:22;MBG bikin makan bergizi gratis jadi nyata pengelolaan terbuka anggaran sesuai harga pengawasan ekstra nempel https://t.co/IIEQXWNLEz;https://x.com/undefined/status/1965012968695009281;not media;relevan;https://x.com/undefined/status/1965012968695009281
08/09/2025 12:52;MBG hadirkan makan bergizi gratis dengan proses transparan banget dicek dari hulu ke hilir oleh semua pihak https://t.co/l1kgLBOpcQ;https://x.com/undefined/status/1965035593106399542;suspend;relevan;https://x.com/undefined/status/1965035593106399542
08/09/2025 17:23;Transparansi di MBG bikin makan bergizi gratis aman buat seluruh anak sekolah nggak ada ruang buat korupsi https://t.co/7zrd5wmcW6;https://x.com/undefined/status/1965103615879823865;suspend;relevan;https://x.com/undefined/status/1965103615879823865
08/09/2025 15:20;MBG solusi makan bergizi gratis yang dikelola tanpa mark up pengawasan maksimal biar semua bener https://t.co/ODJdMwa22F;https://x.com/undefined/status/1965072754560188859;suspend;relevan;https://x.com/undefined/status/1965072754560188859
08/09/2025 14:33;Makan bergizi gratis lewat MBG hadir dengan sistem anti mark up harganya selalu at cost dan terbuka untuk diaudit https://t.co/LgGhEFxRfW;https://x.com/undefined/status/1965060824248295613;suspend;relevan;https://x.com/undefined/status/1965060824248295613
08/09/2025 14:46;MBG tahu kepercayaan itu penting makan bergizi gratis diatur transparan harga nggak dimark up semua pengeluaran diawasi https://t.co/KbKjNjXSRA;https://x.com/undefined/status/1965064323505787376;suspend;relevan;https://x.com/undefined/status/1965064323505787376
08/09/2025 13:56;MBG hadir buktikan komitmen pemerintah makan bergizi gratis dijaga pengelolaannya agar beneran bermanfaat untuk masa depan https://t.co/cmeLXTH8u9;https://x.com/undefined/status/1965051673799516517;suspend;relevan;https://x.com/undefined/status/1965051673799516517
08/09/2025 14:50;MBG hadir buat kasih makan bergizi gratis yang layak dana dikelola transparan harga sesuai pasar semua terpantau https://t.co/ReWEpmq7CN;https://x.com/undefined/status/1965065173103976512;not media;relevan;https://x.com/undefined/status/1965065173103976512
08/09/2025 15:48;Serius hadirkan makan bergizi gratis MBG kelola anggaran terbuka diawasin BPKP dan KPK demi generasi muda lebih sehat dan cerdas https://t.co/Xbe7r5EYq2;https://x.com/undefined/status/1965079886663725224;suspend;relevan;https://x.com/undefined/status/1965079886663725224
08/09/2025 14:04;Bersyukur ada MBG makan bergizi gratis makin mudah dan aman anggaran transparan harga tetap at cost semua dikawal penuh https://t.co/ONkAHjbdNC;https://x.com/undefined/status/1965053635446046840;suspend;relevan;https://x.com/undefined/status/1965053635446046840
08/09/2025 14:20;Makan bergizi gratis lewat MBG dana dijaga rapat harga at cost tidak ada peluang mark up https://t.co/jVANi5XxYz;https://x.com/undefined/status/1965057562837135433;not media;relevan;https://x.com/undefined/status/1965057562837135433
08/09/2025 14:19;Kini makin percaya makan bergizi gratis dari MBG semua anggaran transparan lewat KPPN harga at cost diawasi penuh supaya ga dikorupsi https://t.co/n5BsJcRuyJ;https://x.com/undefined/status/1965057380238180567;not media;relevan;https://x.com/undefined/status/1965057380238180567
08/09/2025 14:36;Program MBG jamin makan bergizi gratis tanpa mark up biaya sesuai harga pasar dana transparan lewat KPPN dan diawasi penuh oleh BPKP-KPK https://t.co/F6lZ3gnfS9;https://x.com/undefined/status/1965061623984656758;not media;relevan;https://x.com/undefined/status/1965061623984656758
08/09/2025 11:35;Anggaran makan bergizi gratis lewat MBG pasti dikawal pengawasan dari awal sampai akhir dipegang penuh https://t.co/zmJoTnDX1q;https://x.com/undefined/status/1965016244584947962;suspend;relevan;https://x.com/undefined/status/1965016244584947962
08/09/2025 14:49;MBG berikan makan bergizi gratis anggaran selalu dipantau bareng oleh KPPN BPKP dan KPK https://t.co/NjnkpNMZxu;https://x.com/undefined/status/1965064961039978757;not media;relevan;https://x.com/undefined/status/1965064961039978757
08/09/2025 11:09;Makan bergizi gratis MBG pastikan anggaran at cost proses transparan semua dikawal BPKP dan KPK supaya nggak ada celah korupsi https://t.co/05A3TZsBj9;https://x.com/undefined/status/1965009530162761982;not media;relevan;https://x.com/undefined/status/1965009530162761982
08/09/2025 14:08;Makan bergizi gratis MBG hadir untuk anak bangsa lewat proses dana transparan harga pasar semua dikawal BPKP dan KPK https://t.co/ymoZcqcXJe;https://x.com/undefined/status/1965054564484477168;suspend;relevan;https://x.com/undefined/status/1965054564484477168
08/09/2025 15:15;Ayo percaya MBG makan bergizi gratis kini tanpa kekhawatiran karena semua jelas terbuka dan diawasi https://t.co/uAD1JIwtyN;https://x.com/undefined/status/1965071542616015266;suspend;relevan;https://x.com/undefined/status/1965071542616015266
08/09/2025 13:32;Makan bergizi gratis dengan MBG dana nggak asal dipakai semua sudah sesuai aturan yang diawasi bersama https://t.co/r7evQJBNWr;https://x.com/undefined/status/1965045633062154393;suspend;relevan;https://x.com/undefined/status/1965045633062154393
08/09/2025 12:52;MBG hadir buat masa depan anak-anak lewat makan bergizi gratis yang benar-benar terkontrol dan transparan https://t.co/RMBiem7Ccd;https://x.com/undefined/status/1965035538064531802;suspend;relevan;https://x.com/undefined/status/1965035538064531802
08/09/2025 13:34;Setiap rupiah MBG buat makan bergizi gratis diawasi bareng-bareng biar tetap bersih dan sampai ke yang berhak https://t.co/v2zvFkyPXg;https://x.com/undefined/status/1965046007689073145;suspend;relevan;https://x.com/undefined/status/1965046007689073145
08/09/2025 15:05;Program makan bergizi gratis dari MBG pastikan anggaran dijaga rapi gak bisa dimark up diawasi biar benar-benar tepat sasaran https://t.co/NBqPYSbCY1;https://x.com/undefined/status/1965068885281120747;not media;relevan;https://x.com/undefined/status/1965068885281120747
08/09/2025 15:53;Giat Monitoring Makan Bergizi Gratis(MBG) di Smp negeri 4 kelurahan samoja Kecamatan Batununggal Kota Bandung telah diterima Makanan Bergizi Gratis (MBG) Dari Dapur Kec. Lengkong Kota Bandung Untuk para Siswa/i Smp N 4 Kota Bandung Jl. Samoja kel samoja kota Bandung https://t.co/bepUiiSPkD;https://x.com/undefined/status/1965080945008283857;media;relevan;https://x.com/undefined/status/1965080945008283857
08/09/2025 13:50;"Makan bergizi gratis MBG hadir tanpa celah mark up proses transparan at cost dan pengawasan BPKP &amp; KPK agar semua tetap bersih https://t.co/QTSMtIvPQo";https://x.com/undefined/status/1965050199958757473;suspend;relevan;https://x.com/undefined/status/1965050199958757473
08/09/2025 14:31;Tanpa celah korupsi MBG hadir dgn makan bergizi gratis yang dikelola transparan dan at cost https://t.co/Q6iO1pyXzF;https://x.com/undefined/status/1965060495700070896;suspend;relevan;https://x.com/undefined/status/1965060495700070896
08/09/2025 14:56;Kesampingankan Ego Kampanye pak! @prabowo evaluasi MBG! Kalau niat kerja sama dengan kantin sekolah jg bs. Atuh suruh org tua mereka yg masakin. Negara kita lg amsiong! Stop dl buang anggaran yg gk produktif! 1 anak makan siang gratis 1 kali 1 keluarga gk makan malam sekali.;https://x.com/undefined/status/1965066818126750075;not media;relevan;https://x.com/undefined/status/1965066818126750075
08/09/2025 15:14;Semua dana makan bergizi gratis MBG dijamin transparan diatur sesuai harga pasar anak bangsa makin sehat dan cerdas https://t.co/sLbTG79fNN;https://x.com/undefined/status/1965071357240340913;suspend;relevan;https://x.com/undefined/status/1965071357240340913
08/09/2025 11:57;MBG hadir dengan transparansi dana semua makan bergizi gratis yang disalurkan sampai ke anak tak ada yang diselewengkan https://t.co/ZgpGmYh8hz;https://x.com/undefined/status/1965021755707408703;not media;relevan;https://x.com/undefined/status/1965021755707408703
08/09/2025 12:26;Kepala Badan Penyelenggara Jaminan Produk Halal (BPJPH) Haikal Hasan alias Babe Haikal akan segera berangkat ke China untuk menginspeksi langsung food tray atau ompreng program Makan Bergizi Gratis (MBG) yang diduga mengandung minyak babi. Mudah-mudahan dalam minggu ini kami https://t.co/ijbQkvbhay;https://x.com/undefined/status/1965029011593236893;media;relevan;https://x.com/undefined/status/1965029011593236893
08/09/2025 12:59;@islah_bahrawi Ini lah warga Konoha orang pintar nya di hina hina .... semua kebijakan menteri itu adalah kebijakan presiden kalau menteri bisa independen enggak bakal ada program makan bergizi gratis program itu di paksakan demo janji politik padahal anggaran nol;https://x.com/undefined/status/1965037386787909882;not media;relevan;https://x.com/undefined/status/1965037386787909882
08/09/2025 14:43;MBG hadir dengan komitmen makan bergizi gratis yang bersih harga nggak dimark up dana lewat KPPN awasan penuh KPK https://t.co/S6it0jeLng;https://x.com/undefined/status/1965063361542201631;not media;relevan;https://x.com/undefined/status/1965063361542201631
08/09/2025 14:43;MBG hadir jadi pelopor makan bergizi gratis yang anggarannya nggak bisa disalahgunakan berkat pengawasan ketat https://t.co/51jEC6EzEB;https://x.com/undefined/status/1965063437048012865;not media;relevan;https://x.com/undefined/status/1965063437048012865
08/09/2025 11:50;Polri dorong transparansi dan partisipasi publik dengan meningkatkan Dumas Presisi sebagai sarana penguatan pengawasan program Makan Bergizi Gratis (MBG). https://t.co/Mohhy0mdtK;https://x.com/undefined/status/1965019931621343307;media;relevan;https://x.com/undefined/status/1965019931621343307
08/09/2025 19:05;MBG *(Ini cuma karya fiksi berdasar kisah nyata. Komiknya dibikin Senin pagi. Jumlah anggota kabinet masih 110. Sekarang 112 orang.) #hatihatikamumulaiberpikir https://t.co/OcQhjZobW0;https://x.com/undefined/status/1965129346936684766;not media;not relevan;https://x.com/undefined/status/1965129346936684766
08/09/2025 18:18;Biaya Makan Bergizi Gratis Tetap Rp 10 Ribu/ Porsi atau Naik? Ini Jawabannya https://t.co/Dqjzj63FVS;https://x.com/undefined/status/1965117487772828116;media;relevan;https://x.com/undefined/status/1965117487772828116
08/09/2025 13:57;Dengan mengusung model pengawasan terpadu Biddokkes Polda Metro Jaya memastikan bahwa program Makan Bergizi Gratis (MBG) aman dan sehat bagi siswa. https://t.co/5iHWy7GnXy;https://x.com/undefined/status/1965051806884753840;media;relevan;https://x.com/undefined/status/1965051806884753840
08/09/2025 22:53;UMKM Juga Punya Peran Krusial dalam Program Makan Bergizi Gratis https://t.co/qIs1NTWyf5;https://x.com/undefined/status/1965186883237150930;media;relevan;https://x.com/undefined/status/1965186883237150930
11/09/2025 23:14;Makan Bergizi Gratis diperkuat dengan standar mutu pengawasan digital dan sertifikasi halal. Komitmen pemerintah hadir dalam menjaga gizi generasi muda yang sehat dan berkelanjutan. #MakanBergiziGratis #DukungMBG https://t.co/ryeOf7ycSm;https://x.com/undefined/status/1966279143412338947;not media;relevan;https://x.com/undefined/status/1966279143412338947
11/09/2025 17:33;Pendapat yang masuk akal tentang MBG https://t.co/PNxEbFwvXv;https://x.com/undefined/status/1966193295878766769;not media;not relevan;https://x.com/undefined/status/1966193295878766769
11/09/2025 11:10;Program Makan Bergizi Gratis merupakan komitmen nyata untuk memastikan anak-anak Indonesia tumbuh sehat cerdas dan siap bersaing di masa depan. Dengan gizi seimbang sejak dini generasi muda dapat meraih prestasi gemilang dan membawa bangsa menuju Indonesia Emas 2045. https://t.co/GtzEn2RlYO;https://x.com/undefined/status/1966097058873631082;suspend;relevan;https://x.com/undefined/status/1966097058873631082
11/09/2025 10:23;Mendikdasmen Tinjau MBG dan CKG di Cilacap #SobatBelajar anak Indonesia yang sehat dan bergizi baik adalah fondasi lahirnya generasi emas bangsa. Karena itu program Makan Bergizi Gratis (MBG) dan Cek Kesehatan Gratis (CKG) menjadi prioritas Presiden Prabowo sebagai wujud nyata https://t.co/PxX70qp7Ty;https://x.com/undefined/status/1966085280781447425;media;relevan;https://x.com/undefined/status/1966085280781447425
11/09/2025 11:10;Program Makan Bergizi Gratis (MBG) hadir sebagai langkah nyata pemerintah untuk memastikan anak-anak Indonesia tumbuh sehat dan cerdas. Selain meningkatkan kualitas gizi program ini juga membuka peluang ekonomi strategis di sektor pangan dan peternakan https://t.co/bCddqtZNaU;https://x.com/undefined/status/1966097055803388162;suspend;relevan;https://x.com/undefined/status/1966097055803388162
11/09/2025 17:11;Program Makan Bergizi Gratis merupakan komitmen nyata untuk memastikan anak-anak Indonesia tumbuh sehat cerdas dan siap bersaing di masa depan. Dengan gizi seimbang sejak dini generasi muda dapat meraih prestasi gemilang dan membawa bangsa menuju Indonesia Emas 2045 https://t.co/gripeXHSHF;https://x.com/undefined/status/1966187839768441085;not media;relevan;https://x.com/undefined/status/1966187839768441085
11/09/2025 12:21;Pak @prabowo kenapa isi MBG nasi semua‍ https://t.co/SRJCbo0dmE;https://x.com/undefined/status/1966114802717343960;not media;not relevan;https://x.com/undefined/status/1966114802717343960
11/09/2025 23:28;Kabar Bahagia! Bersama Program Makan Bergizi Gratis masa depan anak-anak jadi terjamin dan semakin tumbuh cerdas dan berinovasi. #FaktaIndonesia #MakanBergiziGratis #DukungMakanBergiziGratis #DukungProgramMakanBergiziGratis https://t.co/IlwJUrszRi;https://x.com/undefined/status/1966282825902207283;not media;relevan;https://x.com/undefined/status/1966282825902207283
11/09/2025 10:46;Dukung Program Pemerintah Terutama Program Makan Bergizi Gratis (MBG) Polres Tangsel Membangun Satuan Pelayanan Pemenuhan Gizi (SPPG) Yang Berfungsi Sebagai Dapur Atau Pusat Produksi Makanan Bergizi. https://t.co/PNcFg1qMVC;https://x.com/undefined/status/1966091073270522237;media;relevan;https://x.com/undefined/status/1966091073270522237
11/09/2025 10:54;Bro lupa dia bikin MBG seharga trilyunan.;https://x.com/undefined/status/1966092944257302744;not media;not relevan;https://x.com/undefined/status/1966092944257302744
11/09/2025 06:51;Ngomong orang pintar harus pakai data.. Coba Program baru apa yg meningkatkan kesejateraan Rakyat.. Kecuali MBG yg lebih banyak meracuni generasi Bangsa.. https://t.co/F2NxBwqkqT;https://x.com/undefined/status/1966031777170170250;not media;relevan;https://x.com/undefined/status/1966031777170170250
11/09/2025 17:10;Program Makan Bergizi Gratis (MBG) hadir sebagai langkah nyata pemerintah untuk memastikan anak-anak Indonesia tumbuh sehat dan cerdas. Selain meningkatkan kualitas gizi program ini juga membuka peluang ekonomi strategis di sektor pangan dan peternakan https://t.co/eFeB8m1L3D;https://x.com/undefined/status/1966187726618706161;not media;relevan;https://x.com/undefined/status/1966187726618706161
11/09/2025 23:26;Dukung Program Makan Bergizi Gratis untuk meningkatkan gizi anak-anak Indonesia. https://t.co/nFhEk8zenQ;https://x.com/undefined/status/1966282157384675458;media;relevan;https://x.com/undefined/status/1966282157384675458
11/09/2025 07:22;Makan Bergizi Gratis adalah investasi terbaik Untuk Indonesia Maju! #MBG #IndonesiaTerang #IndonesiaSehat #Indonesia Cemerlang #IndonesiaMaju https://t.co/0hwom4FWKP;https://x.com/undefined/status/1966039665372443038;not media;relevan;https://x.com/undefined/status/1966039665372443038
11/09/2025 08:20;Polri meluncurkan program-program strategis sebagai pendukung ketahanan pangan yang ditunjukan untuk membantu mewujudkan kebijakan swasembada pangan dan inisiatif makan bergizi gratis di Indonesia. https://t.co/Mc2TQPhHK4;https://x.com/undefined/status/1966054136300098007;suspend;relevan;https://x.com/undefined/status/1966054136300098007
11/09/2025 11:24;4.5 miliar gulden itu berapa kalau pakai uang sekarang? Sekitar 520-an triliun. Sebagai pembanding pemerintah alokasikan MBG 1.2 triliun sehari. Jadi MBG selama 2 atau 3 tahun udah bisa ngelunasin utang buat merdeka. https://t.co/7Lxdc4ao7S;https://x.com/undefined/status/1966100508105650328;not media;relevan;https://x.com/undefined/status/1966100508105650328
11/09/2025 09:57;Kabar gembira #SobatSetneg! Program MBG telah menjangkau lebih dari 20 juta penerima menciptakan 290 ribu lapangan kerja baru dan menggerakkan ekonomi lokal dengan melibatkan 1 juta petani nelayan dan UMKM. Ini bukanlah sekadar program melainkan sebuah pergerakan https://t.co/irDTz15ZtU;https://x.com/undefined/status/1966078710840480211;media;relevan;https://x.com/undefined/status/1966078710840480211
11/09/2025 13:48;"Ini alasan Program MBG harus dihentikan Presiden @Prabowo 1. Tidak tepat sasaran 2. Melanggar Konstitusi &amp; UU 3. Sumber &amp; sarang KKN 4. Pemborosan Uang Pajak Rakyat 5. Menambah beban besar APBN 6. Tidak sesuai prioritas rencana pembangunan";https://x.com/undefined/status/1966136894359744631;not media;relevan;https://x.com/undefined/status/1966136894359744631
11/09/2025 07:22;Makan Bergizi Gratis sebagai langkah cepat membangun Generasi Emas Indonesia #MBG #IndonesiaTerang #IndonesiaSehat #Indonesia Cemerlang #IndonesiaMaju https://t.co/AEfPyTZxCl;https://x.com/undefined/status/1966039667670921361;not media;relevan;https://x.com/undefined/status/1966039667670921361
11/09/2025 10:33;"@AryaPanam @BosPurwa 1).Pemerintah harus MEMANGKAS Program2nya yg MEMBERATKAN APBN (yg BERNAFAS DALAM HUTANG saat ini) spt: MBG Program 3 juta rumah 80.000 Kopdes Pembentukan Kodam2 Baru Pembelian Jet2 &amp; Drone2 Tempur &amp; Kapal2 Selam 2) APBN yg 'survive' dgn GALI LUBANG TUTUP LUBANG = BERBAHAYA";https://x.com/undefined/status/1966087761565561101;not media;relevan;https://x.com/undefined/status/1966087761565561101
11/09/2025 23:28;Kabar Bahagia! Bersama Program Makan Bergizi Gratis masa depan anak-anak jadi terjamin dan semakin tumbuh cerdas dan berinovasi. #FaktaIndonesia #MakanBergiziGratis #DukungMakanBergiziGratis #DukungProgramMakanBergiziGratis https://t.co/X7I3S9KT3h;https://x.com/undefined/status/1966282794365235585;not media;relevan;https://x.com/undefined/status/1966282794365235585
11/09/2025 23:25;Dukung Program Makan Bergizi Gratis untuk meningkatkan gizi anak-anak Indonesia. https://t.co/9f0fMsMTYc;https://x.com/undefined/status/1966281944695730409;suspend;relevan;https://x.com/undefined/status/1966281944695730409
11/09/2025 15:29;Kata Prabowo: Program MBG diakui dunia. Iya diakui racunnya! Beritanya sudah kemana-mana kalau ratusan siswa keracunan. https://t.co/sTXw2bcQwF;https://x.com/undefined/status/1966162189020180601;not media;relevan;https://x.com/undefined/status/1966162189020180601
11/09/2025 12:47;"Stop &amp; Hapus Proyek MBG Hasil Nya Cuma : 1. Koruptor 2. Murid / Siswa Keracunan Makan MBG 3. T A I K Sementara Menu MBG Tidak Memenuhi Syarat Gizi. https://t.co/Hw0sO6hQYa";https://x.com/undefined/status/1966121328530096602;suspend;relevan;https://x.com/undefined/status/1966121328530096602
11/09/2025 12:07;@tanyakanrl sender trauma karena keracunan donat yang di belinya sendiri. ngga kebayang anak2 sekolah yang keracunan MBG sampe masuk RS tapi harus tetap menghadapi MBG lagi tiap harinya trauma tapi tetap dipaksa makan ;https://x.com/undefined/status/1966111307209519191;not media;relevan;https://x.com/undefined/status/1966111307209519191
11/09/2025 20:14;Kalau kita bicara restrukturisasi APBN program seperti MBG (Makan Bergizi Gratis) memang WAJIB DITIADAKAN !!!. Kenapa? 1. MBG = Hanya Program Populis Bukan Produktif (Bakar Duit Ga kira-Kira ditengah KESULITAN UANG untuk APBN) MBG hanya menambah belanja konsumtif tidak;https://x.com/undefined/status/1966233970619924768;not media;relevan;https://x.com/undefined/status/1966233970619924768
11/09/2025 07:22;Merdeka Gizi dengan Makan Bergizi Gratis #MBG #IndonesiaTerang #IndonesiaSehat #Indonesia Cemerlang #IndonesiaMaju https://t.co/nSqaqPdV09;https://x.com/undefined/status/1966039663170433173;not media;relevan;https://x.com/undefined/status/1966039663170433173
11/09/2025 12:24;Badan Gizi Nasional (BGN) berupaya menjaga mutu makanan yang diberikan kepada penerima manfaat program Makan Bergizi Gratis (MBG). #mbg #makanbergizi #programpemerintah #gizi Laman #infografik https://t.co/RsMvhxtc4v https://t.co/bqiIncFJRd;https://x.com/undefined/status/1966115592953631084;media;relevan;https://x.com/undefined/status/1966115592953631084
11/09/2025 08:08;Serantau Daerah | Wapres Gibran Tinjau Program Makan Bergizi Gratis di Batam #GibranRakabuming #WapresRI #Batam #Kepri #MakanBergiziGratis #ProgramNasional #BeritaBatam https://t.co/xb7NNZy6uR;https://x.com/undefined/status/1966051144880517522;suspend;relevan;https://x.com/undefined/status/1966051144880517522
11/09/2025 05:47;Makan bergizi gratis investasi bangsa masa depan generasi emas 2045 https://t.co/RYZ2SCebI6;https://x.com/undefined/status/1966015661840413046;suspend;relevan;https://x.com/undefined/status/1966015661840413046
11/09/2025 08:11;@Kang_Yoen @aewin86 Pak @Kang_Yoen @aewin86 perlu berapa banyak capture n link berita soal Keracunan MBG? Nov 2024 sampai September 2025 sudah lebih 1000 siswa yg keracunan di puluhan lokasi. Masih pesta kemenangan to ? Atau nunggu ada siswa/i anak orang yang mati ? https://t.co/LQhuZExhRS;https://x.com/undefined/status/1966051989361689038;not media;relevan;https://x.com/undefined/status/1966051989361689038
11/09/2025 12:31;Dokter Endokrin Nilai Program MBG Bisa Bantu Kurangi Anak Jajan Manis https://t.co/3sjQpcIIjw;https://x.com/undefined/status/1966117270167396806;media;relevan;https://x.com/undefined/status/1966117270167396806
11/09/2025 10:04;Makan Bergizi Gratis untuk Gizi Lebih Baik #ManfaatMakanBergiziGratis #MakanBergiziGratis #ProgramMakanBergiziGratis https://t.co/aVhhpz20ro;https://x.com/undefined/status/1966080473891041554;not media;relevan;https://x.com/undefined/status/1966080473891041554
11/09/2025 10:48;Makan bergizi gratis beri asupan gizi anak bangsa https://t.co/HNq9MsbpPI;https://x.com/undefined/status/1966091418335952909;suspend;relevan;https://x.com/undefined/status/1966091418335952909
11/09/2025 10:08;Yayasan Kemala Bhayangkari Polda Papua membantu pemerintah dengan mengelola dapur sehat untuk melayani program Makan Bergizi Gratis khususnya di wilayah Distrik Jayapura Utara Kota Jayapura. https://t.co/PL0UT2qBP4;https://x.com/undefined/status/1966081389960544683;media;relevan;https://x.com/undefined/status/1966081389960544683
11/09/2025 07:41;Dukung program makan bergizi gratis https://t.co/YPInQ9dvSz;https://x.com/undefined/status/1966044439350227161;suspend;relevan;https://x.com/undefined/status/1966044439350227161
11/09/2025 10:10;JAMBI HARI INI : (Kamis 11 September 2025) MBG Menjadi Penyemangat Siswa Belajar Di Sekolah.#News #jhi #JambiHariIni #TVRIJambi #MediaPemersatuBangsa https://t.co/wGm47SNdu1;https://x.com/undefined/status/1966082027314360373;media;relevan;https://x.com/undefined/status/1966082027314360373
11/09/2025 23:27;"Hari ini kita sajikan Makan Bergizi Gratis dengan menu istimewa ala Italia dan lokal: Spaghetti dengan saus bolognese gurih Tahu crispy renyah di luar lembut di dalam Mix vegetables penuh serat &amp; vitamin Pisang segar manis #sppg #makanbergizigratis #sppgpaciran1 https://t.co/GAFtbDqa0j";https://x.com/undefined/status/1966282490085306562;suspend;relevan;https://x.com/undefined/status/1966282490085306562
11/09/2025 14:06;Serka Hasanto babinsa desa Puntukrejo melaksanakan komsos dengan pak Muryanto dan ibu Kristin petugas PLKB kec. Ngargoyoso berkoordinasi tentang rencana kedepan dengan adanya program B3 ibu hamil ibu menyusui dan balita yang akan menerima manfaat makan bergizi gratis. https://t.co/Z8YTUDGC00;https://x.com/undefined/status/1966141393509953744;not media;not relevan;https://x.com/undefined/status/1966141393509953744
11/09/2025 04:08;Program Makan Bergizi Gratis ciptakan generasi sehat. https://t.co/4MOMVDHP8P;https://x.com/undefined/status/1965990783200506163;media;relevan;https://x.com/undefined/status/1965990783200506163
11/09/2025 05:55;Makan bergizi gratis bukan sekadar makanan tapi investasi masa depan generasi emas 2045! Asupan sehat untuk anak sekolah ibu hamil ibu menyusui dan balita. #GenerasiEmas2045 #MakanBergiziGratis #BekalIndonesiaMaju #SehatSejahtera https://t.co/LSQlEc7RHs;https://x.com/undefined/status/1966017736209055754;suspend;relevan;https://x.com/undefined/status/1966017736209055754
11/09/2025 04:06;Dukung Program Makan Bergizi Gratis untuk generasi bangsa yang cerdas. https://t.co/ZW6QnRUvEX;https://x.com/undefined/status/1965990350088179745;media;relevan;https://x.com/undefined/status/1965990350088179745
11/09/2025 04:36;Danantara itu : - ga bisa di audit BPK KPK tanpa permintaan DPR - efisiensi anggaran negara yang katanya buat MBG itu 300T nya dialirkan ke Danantara - pengelolanya banyak yg koruptor nepo oligarki - kerugian Danantara tidak dianggap kerugian negara (UU BUMN);https://x.com/undefined/status/1965997881145569510;suspend;relevan;https://x.com/undefined/status/1965997881145569510
11/09/2025 15:42; Dana hasil penghematan (anggaran pendidikan) tetap dipakai untuk kebutuhan pendidikan. Liat aja pasti ujung-ujungnya dipake buat MBG. Prabowo pengen realokasi anggaran pendidikan buat MBG LAGI. As if 46% anggaran pendidikan TAHUN INI dipake buat MBG itu kurang. https://t.co/QY5HmtIAn3;https://x.com/undefined/status/1966165582379938190;not media;relevan;https://x.com/undefined/status/1966165582379938190
11/09/2025 05:34;11 September 2025 Komando Distrik Militer 1420/Sidrap melalui para Bintara Pembina Desa hari ini melaksanakan pendampingan ketat dalam pendistribusian program makan bergizi gratis. https://t.co/VglATM3i1H;https://x.com/undefined/status/1966012507832701337;media;relevan;https://x.com/undefined/status/1966012507832701337
11/09/2025 09:57;content warning // disgusting // food Sisaan mbg dr 1 kelas doang. Sw dari bibi yg ngajar di sekolah samping rumahku. Gilsss https://t.co/iSWsrCyuei;https://x.com/undefined/status/1966078594582794281;not media;not relevan;https://x.com/undefined/status/1966078594582794281
11/09/2025 07:41;Dukung program makan bergizi gratis https://t.co/H5TPgdpyaO;https://x.com/undefined/status/1966044351794213090;suspend;relevan;https://x.com/undefined/status/1966044351794213090
11/09/2025 13:41;Bhabinkamtibmas Polsek Muara Batang Gadis Aiptu S. Bahri Lubis melaksanakan sambang dan silaturahmi warga sekaligus menyampaikan pesan-pesan kamtibmas di Rumah Makan / Cafe Mantan milik sdr. Aswar Desa Tabuyung Kec. Muara Batang Gadis Kab. Madina. (11/09/2025) https://t.co/BK8jrAuVwY;https://x.com/undefined/status/1966135030918558177;media;not relevan;https://x.com/undefined/status/1966135030918558177
11/09/2025 07:58;@msaid_didu Gaji umr dan makan bergizi gratis serta tunjangan prestasi dapat pensiun sesuai masa kerja. Kalo mau kaya jangan jadi pejabat jadilah pengusaha.;https://x.com/undefined/status/1966048599856619687;not media;not relevan;https://x.com/undefined/status/1966048599856619687
11/09/2025 09:14;Siap dukung Pak. Tapi maaf untuk program unfaedah MBG saya 100% tidak dukung.;https://x.com/undefined/status/1966067760364126287;not media;not relevan;https://x.com/undefined/status/1966067760364126287
11/09/2025 09:58;Mari Kita Dukung Program Makan Bergizi Gratis #ManfaatMakanBergiziGratis #MakanBergiziGratis #ProgramMakanBergiziGratis https://t.co/3TP2SDtZop;https://x.com/undefined/status/1966078768465998108;not media;relevan;https://x.com/undefined/status/1966078768465998108
11/09/2025 15:04;Pakar Sebut Program MBG Bisa Kurangi Kebiasaan Anak Jajan Manis https://t.co/vhtk6NrFTI;https://x.com/undefined/status/1966155865217704239;media;relevan;https://x.com/undefined/status/1966155865217704239
11/09/2025 18:25;Perketat Pengawasan MBG Wagub Jihan: Program Makan Bergizi Jangan Jadi Makan Beracun https://t.co/RkjixzLLSj;https://x.com/undefined/status/1966206515649692026;media;relevan;https://x.com/undefined/status/1966206515649692026
11/09/2025 15:09;Kalo si Prabowo koar-koar soal MBG si Heri nih koar-koar soal Dana Abadi. Kapanpun dimanapun dana abadi jadi agenda terselubung;https://x.com/undefined/status/1966157133751484461;not media;not relevan;https://x.com/undefined/status/1966157133751484461
11/09/2025 09:45;"@untukkloningan @prabowo @bang_dasco @KerjaSeskabRI Berdasarkan laporan beragam sumber (Jakarta Post Al Jazeera World Bank dll.) hingga Sept 2025: - Makan Bergizi Gratis: Sukses capai 99 99% di beberapa daerah kurangi stunting tapi ada kasus keracunan (200 orang) korupsi dana &amp; penangguhan karena higienis buruk. -";https://x.com/undefined/status/1966075519562387664;not media;relevan;https://x.com/undefined/status/1966075519562387664
11/09/2025 22:37;Kalau MBG masih ngotot utk dilanjutkan oleh Presiden PERLU KIRANYA ada LBH khusus untuk para korban KERACUNAN dari Program MBG supaya mereka mendapat biaya jaminan pemulihan kesehatan seumur hidup dan Ganti Rugi lainnya. @_satrio_aji_ @feroferraferri;https://x.com/undefined/status/1966269979281731738;not media;relevan;https://x.com/undefined/status/1966269979281731738
11/09/2025 12:25;Ngarepin apa dari orang yg menyepelekan nyawa nyawa ribuan anak orang yg keracunan MBG hny krn ia bagian dr gov? Mmg blm ada yg meninggal tapi dianggap statistik sj sama biadab ini Lawak sekali bilang rest in peace ke fasis rasis kayak si ck bahan bakar neraka kok rest in peace;https://x.com/undefined/status/1966115884055069096;not media;relevan;https://x.com/undefined/status/1966115884055069096
11/09/2025 10:00;32 Sekolah di Gantiwarno Terima Manfaat Program Makan Bergizi Gratis (MBG) https://t.co/tCZKOKK7Pt https://t.co/gouXGFVK4D;https://x.com/undefined/status/1966079484358230390;media;relevan;https://x.com/undefined/status/1966079484358230390
11/09/2025 13:00;"Salah satu yg paling gila dari MBG adalah doi dimasukkan ke dana pendidikan yg notabene minimal 20% dari APBN MBG ambil 44% dari dana pendidikan yang juga berarti kalau MBG dicabut dana pendidikan kita &lt;20% APBN Ini ngakal2in bgt";https://x.com/undefined/status/1966124598518489233;not media;relevan;https://x.com/undefined/status/1966124598518489233
11/09/2025 11:58;Hari ini kebagian tugas memantau salah satu dapur MBG menu saat ini khusus utk Paud TK dan Posyandu untuk pencegahan stunting https://t.co/Ne9fcVASS5;https://x.com/undefined/status/1966109133981274304;not media;relevan;https://x.com/undefined/status/1966109133981274304
11/09/2025 08:41;Jangan maksa tender MBG njir. Benerin kualitas dulu. Makanya jangan janji Di awal akhirnya gini kan. Mau gak mau ngasih tender ke orang yang gak berkompeten https://t.co/waZnxWKfQx;https://x.com/undefined/status/1966059526471487821;not media;relevan;https://x.com/undefined/status/1966059526471487821
11/09/2025 07:41;Dukung program makan bergizi gratis https://t.co/xAjbHfVlGP;https://x.com/undefined/status/1966044411688841544;not media;relevan;https://x.com/undefined/status/1966044411688841544
11/09/2025 14:15;SISI BAIK MBG (MAKAN SIANG GRATIS) kalau dipikir-pikir program ini bagus sih. soalnya pengeluaran buat beli rokok lebih tinggi dari beras. kayak GIZI ANAK tuh jarang diperhatikan. akhirnya ya pertumbuhan kurang. padahal jadwal sekolah padatnya menyamai pekerja pabrik.;https://x.com/undefined/status/1966143665489035320;not media;relevan;https://x.com/undefined/status/1966143665489035320
11/09/2025 15:03;tadi aku lihat Tiktok. ada lembaga KHUSUS GIZI buat merancang MBG. buat menemukan menu. apalagi adikku bilang rasanya enak. kalian tau gak alasan kenapa di luar negeri makanan sering diganti dan harus dipanaskan? KARENA TIDAK ADA REMPAH-REMPAH.;https://x.com/undefined/status/1966155553161490542;not media;not relevan;https://x.com/undefined/status/1966155553161490542
11/09/2025 09:53;SDN 01 Menteng Gelar Uji Coba Program Makan Bergizi Gratis Konsep Dapur Sekolah #dapursekolahMBG #MBG Selengkapnya di: https://t.co/pRIEr7EcUp https://t.co/4q6czmsoO1;https://x.com/undefined/status/1966077521818169496;media;relevan;https://x.com/undefined/status/1966077521818169496
11/09/2025 10:10;dikira cuma perang ide CK dg sadar mengampanyekan pembantaian israel influence dia besar ga sebatas debat warkop yg dia lakukan sama saja dg ikut membunuh tapi wajar sih lu ga bisa ikut marah hati udah kepentok rasio anak keracunan aja kau bilang normal oke lanjutkan mbg;https://x.com/undefined/status/1966081869734359340;not media;not relevan;https://x.com/undefined/status/1966081869734359340
11/09/2025 13:12;sebuah funfact yang mindblowingg 3 tahun MBG setara dengan utang kemerdekaan indonesia ke belanda;https://x.com/undefined/status/1966127791273087326;not media;relevan;https://x.com/undefined/status/1966127791273087326
11/09/2025 08:24;kasian anak chief w dapet mbg ga layak;https://x.com/undefined/status/1966055346503651460;not media;relevan;https://x.com/undefined/status/1966055346503651460
11/09/2025 10:48;LOKER BANDUNG TERBARU: Ahli Gizi di Dapur MBG SPPG Regol #lokerbandung #lowongankerjabandung #loker #bandung #jabar #jawabarat https://t.co/dr2m2LWv4e;https://x.com/undefined/status/1966091524921266465;media;not relevan;https://x.com/undefined/status/1966091524921266465
11/09/2025 08:26;MBG Tingkatkan Semangat Belajar CKG Permudah Akses Kesehatan di Sorong https://t.co/kAheBLi6tK;https://x.com/undefined/status/1966055632571875374;media;relevan;https://x.com/undefined/status/1966055632571875374
11/09/2025 18:05;Makan Bergizi Gratis minggu ini dapat menu apa j guys? https://t.co/eet3DBSZtB;https://x.com/undefined/status/1966201379984388488;not media;not relevan;https://x.com/undefined/status/1966201379984388488
11/09/2025 22:41;Program Makan Bergizi Gratis Dimulai di SD Inpres Tanah Merah Boven Digoel https://t.co/40IQzefef8 #MBG #prabowo #bovendigoel #papua #merauke #papuaselatan #indonesia #indonesiadamaibersatu https://t.co/33qe514aCW;https://x.com/undefined/status/1966270996572525007;media;relevan;https://x.com/undefined/status/1966270996572525007
11/09/2025 15:15;wkwk seru bgt abis war sama mbg lovers https://t.co/yCe2ldcmTt;https://x.com/undefined/status/1966158586800910748;not media;not relevan;https://x.com/undefined/status/1966158586800910748
11/09/2025 19:53;Polsek Belitang III Hadiri Launching Dapur MBG Desa Dadirejo https://t.co/AC1IXp23Dp #beritaterkini #beritaviral #kabarterbaru #klikwarta #news #beritanasional;https://x.com/undefined/status/1966228609942827346;media;relevan;https://x.com/undefined/status/1966228609942827346
11/09/2025 15:01;Kanit Samapta Polsek Muara Batang Gadis Aiptu Indra Ali Akbar melaksanakan Patroli dan Monitoring di Kantor Camat Muara Batang Gadis Desa Singkuang 1 Kec. Muara Batang Gadis Kab. Madina. (11/09/2025) https://t.co/ZyjRlJkgwW;https://x.com/undefined/status/1966155254262804762;media;not relevan;https://x.com/undefined/status/1966155254262804762
11/09/2025 17:11;Anggaran MBG sebesar Rp335 triliun dalam Anggaran Pendidikan apa termasuk dihemat? https://t.co/AWiZNeGXtG;https://x.com/undefined/status/1966187748693520581;not media;relevan;https://x.com/undefined/status/1966187748693520581
11/09/2025 09:08;Pakar endokrin anak dari RS Cipto Mangunkusumo Prof. Dr. dr. Aman Bhakti Pulungan Sp.A(K) Subsp. End. FAAP FRCPI (Hon.) mengatakan Program Makan Bergizi Gratis (MBG) dapat mengurangi kebiasaan anak jajan makanan dan minuman manis di sekitar sekolah.https://t.co/lupqZtVxVn;https://x.com/undefined/status/1966066230818902495;media;relevan;https://x.com/undefined/status/1966066230818902495
11/09/2025 12:28;jgn lupa mbg https://t.co/9UebvnEy19;https://x.com/undefined/status/1966116589696332211;not media;not relevan;https://x.com/undefined/status/1966116589696332211
11/09/2025 22:42;Anggaran MBG 300 triliun lebih lo masih bilang menghemat anggaran pendidikan???? ;https://x.com/undefined/status/1966271193973223566;not media;relevan;https://x.com/undefined/status/1966271193973223566
11/09/2025 02:24;Program Makan Bergizi Gratis tidak hanya menyehatkan generasi muda tetapi juga menggerakkan roda ekonomi lokal melalui pemberdayaan petani peternak dan pelaku UMKM pangan. #MakanBergiziGratis #EkonomiLokal #GenerasiSehat https://t.co/r7jHcH4OSx;https://x.com/undefined/status/1965964633166196797;not media;relevan;https://x.com/undefined/status/1965964633166196797
11/09/2025 14:39;Kanit Samapta Polsek Muara Batang Gadis Aiptu Indra Ali Akbar melaksanakan Patroli dan Sambang untuk antisipasi gangguan kamtibmas di warung Kopi Gisman Desa Manuncang Kec. Muara Batang Gadis Kab. Madina. (11/09/2025) https://t.co/KcCPj6Wchp;https://x.com/undefined/status/1966149480732053929;not media;not relevan;https://x.com/undefined/status/1966149480732053929
11/09/2025 07:41;Dukung program makan bergizi gratis https://t.co/eTh1DOSYDj;https://x.com/undefined/status/1966044370072907799;not media;relevan;https://x.com/undefined/status/1966044370072907799
11/09/2025 06:19;Babinsa dan Bhabinkamtibmas Matekko Dampingi Program Makan Bergizi Gratis di SMPN 4 Bulukumba BULUKUMBA Babinsa Koramil 1411-01/Gantarang Kelurahan Matekko Koptu Syamsul Alam melaksanakan pendampingan program Makan Bergizi Gratis di SLTP Negeri 4 Bulukumba Kamis (11/9/2025) https://t.co/jN5zY5WRWo;https://x.com/undefined/status/1966023757950255175;media;relevan;https://x.com/undefined/status/1966023757950255175
11/09/2025 09:00;Babinsa Koramil 0818/14 Turen Dampingi Pendistribusian Makan Bergizi Gratis https://t.co/OlgXSLM4kz https://t.co/lPIRJTwyad;https://x.com/undefined/status/1966064299824263467;media;relevan;https://x.com/undefined/status/1966064299824263467
11/09/2025 13:02;Tadi siang anakku dapat.. MAKAN BERGIZI GRATIS https://t.co/Ehgu70os6L;https://x.com/undefined/status/1966125184672546969;not media;not relevan;https://x.com/undefined/status/1966125184672546969
11/09/2025 14:26;Ni kucing kampung mentang2 gua masi MBG mulu tiap hari malah kerjaannya bunting mulu astagfirullah.;https://x.com/undefined/status/1966146234957307964;not media;not relevan;https://x.com/undefined/status/1966146234957307964
11/09/2025 13:32;Melihat-lihat bahwa anggaran MBG dianggap anggaran fungsi pendidikan subsidi BBM dikurangi (tapi ternyata dialihkan masuk kompensasi di belanja lain-lain) semakin menandakan kayaknya keilmuan mengenai Administrative Engineering akan berkembang pesat di Indonesia;https://x.com/undefined/status/1966132747908559012;not media;relevan;https://x.com/undefined/status/1966132747908559012
11/09/2025 13:52;Review menu MBG total hanya Rp.6500 - 7000 per porsi. Jika SPPG produksi 1000 porsi/hari saja maka sudah dapat laba 3 juta / hari. Dibelahan dunia yg sama ada pejabat negara dapat jatah 300 titik SPPG ?;https://x.com/undefined/status/1966137742389330229;not media;relevan;https://x.com/undefined/status/1966137742389330229
11/09/2025 10:12;Pemkab Mukomuko meminjamkan lahan untuk program Makan Bergizi Gratis yang segera dioperasikan Satuan Pelayanan Pemenuhan Gizi guna mendukung pelaksanaan program nasional tersebut. https://t.co/G3918W0d3Q;https://x.com/undefined/status/1966082430504407319;media;relevan;https://x.com/undefined/status/1966082430504407319
11/09/2025 13:46;Klau mau hemat anggaran ya GK usah ada MBG sm IKN sih ndut. Simpel;https://x.com/undefined/status/1966136365911044440;not media;not relevan;https://x.com/undefined/status/1966136365911044440
11/09/2025 15:22;gwah jg bingung kan dr pajak gwah ya. inimah sama aja kaya baca narasi2 ke anak SD kalo makan bergizi gratis dari Prabowo ;https://x.com/undefined/status/1966160403840516261;not media;not relevan;https://x.com/undefined/status/1966160403840516261
11/09/2025 09:47;Prabowo sdh mulai menyiapkan anak Indonesia pintar menyongsong Indonesia Emas.Ada Makan Bergizi Gratis.Ada Sekolah Rakyat. Dgn harapan di pemerintahan tdk ada https://t.co/NwFeiuLTx7 ada Geng Penghianat tdk ada Partai Penghianat tdk ada kelompok relawan Penghianat.;https://x.com/undefined/status/1966076125538660753;not media;relevan;https://x.com/undefined/status/1966076125538660753
11/09/2025 17:39;Di Dampingi Gubernur Kepri Ansar Ahmad Wapres RI Gibran Rakabuming Raka Meninjaul MBG di SMKN 1 Batam https://t.co/5eQ8XCHvuN #beritaterkini #beritaviral #kabarterbaru #klikwarta #news #beritanasional;https://x.com/undefined/status/1966194968550400172;media;relevan;https://x.com/undefined/status/1966194968550400172
11/09/2025 11:56;hemat apaan anggaran MBG dijadiin nomor 1 tapi pendidikan nomor 2 mending hapus itu mbg terus alokasiin semua dananya ke pendidikan;https://x.com/undefined/status/1966108487806771467;not media;relevan;https://x.com/undefined/status/1966108487806771467
11/09/2025 11:13;Jadi tuh MBG pengeluaran sekaligus opening jobs;https://x.com/undefined/status/1966097640501948479;not media;relevan;https://x.com/undefined/status/1966097640501948479
11/09/2025 13:05;Prabowo gendut kebih memilih MBG yang output nya Tai ketimbang memperbaiki dan memeratakan infrastruktur pendidikan. Gblok;https://x.com/undefined/status/1966126037173174673;not media;relevan;https://x.com/undefined/status/1966126037173174673
11/09/2025 12:25;Mentri apa tidak mengingatkan sebagian dana pendidikan masuk ke MBG.;https://x.com/undefined/status/1966115771005939895;not media;relevan;https://x.com/undefined/status/1966115771005939895
11/09/2025 04:45;Program makan bergizi gratis bikin anak-anak Indonesia bisa makan sehat tiap hari. Dengan gizi yang cukup mereka lebih semangat belajar dan siap mengejar mimpi. Bersyukur banget program ini hadir buat masa depan bangsa. https://t.co/YVexfWT8Hv;https://x.com/undefined/status/1966000094504792490;suspend;relevan;https://x.com/undefined/status/1966000094504792490
11/09/2025 14:35;Daaaan menkeu yang baru ini belum apa apa udah nyenggol owi dan owo Owi soal pertumbuhan ekonomi ga pernah tembus 5% owo soal serapan anggaran MBG rendah Wakakak ayo pak side by side kita kata katain pimpinan inkompeten itu suka nih gwe nih ;https://x.com/undefined/status/1966148683747258876;not media;relevan;https://x.com/undefined/status/1966148683747258876
11/09/2025 13:49;berarti MBG di stop pak️;https://x.com/undefined/status/1966136921228497040;not media;relevan;https://x.com/undefined/status/1966136921228497040
11/09/2025 10:55;Distribusi Makan Bergizi Gratis di Kota Tual Nuhuyanan Tegaskan Tak Ganggu Proses Pembelajaran https://t.co/qeYf10PlIv;https://x.com/undefined/status/1966093326903554125;media;relevan;https://x.com/undefined/status/1966093326903554125
11/09/2025 06:10;TKIT kebagian MBG kenapa gk ada yg nyetop ini program. Gk ada kajiannya kah seberapa byk sampah MBG yg keracunan dll. Swasta ga butuh MBG kenapa dikasi jg allahuakbar bikin esmosi;https://x.com/undefined/status/1966021406787019071;not media;relevan;https://x.com/undefined/status/1966021406787019071
11/09/2025 08:18;bahkan makanan warteg 10k aja lebih bagus dan lengkap daripada mbg anak chief w. apaan anjir cuma telor rebus polos tempe ungkep hambar tomat ceri 1 sama kelengkeng 2 buah?????;https://x.com/undefined/status/1966053694711148735;not media;relevan;https://x.com/undefined/status/1966053694711148735
11/09/2025 10:14;@anisasa26927806 Hallo perkenalkan aku cecil yayasan kami membuka kesempatan bergabung bagi lulusan gizi (D3/S1) sebagai staf Ahli Gizi dalam Program Makan Bergizi Gratis (MBG): Penempatan: Kab. Tasikmalaya Sukaratu;https://x.com/undefined/status/1966082985528307821;not media;not relevan;https://x.com/undefined/status/1966082985528307821
11/09/2025 10:09;Dicari lulusan gizi (D3/S1) sebagai staf Ahli Gizi dalam Program Makan Bergizi Gratis (MBG): Penempatan: Kab. Tasikmalaya Sukaratu boleh dm aku ya #ahligizi #gizi #explosion #indonesia #ahligizi #mbg #MBG #Nutrition #nutristionist;https://x.com/undefined/status/1966081682135781480;not media;not relevan;https://x.com/undefined/status/1966081682135781480
11/09/2025 13:52;SBY....Hambalang Jokowi..IKN ESEMKA Whoosh Prabowo...MBG Giant Sea Wall https://t.co/bRSoBlPrda;https://x.com/undefined/status/1966137846194123122;not media;not relevan;https://x.com/undefined/status/1966137846194123122
11/09/2025 12:04;Buat apa ngadain mbg dengan biaya per orang 10 rb... dengan biaya segitu apa gizinya? Trs klo casenya di desa dengan uang 10rb apa bedanya dengan orang tua/ wali murid bisa makan lebih bergizi dari uang 10rb... buat ke anaknya... buang2 anggaran saja...;https://x.com/undefined/status/1966110515350089871;not media;relevan;https://x.com/undefined/status/1966110515350089871
11/09/2025 13:16;@echoPiR @tanyakanrl temenku ada kak yg keracunan mbg sampe muntah gt. mana tiap hari dapet kalo ga dimakan mau gimana lagi. sekolahku malah blm dapet dan berharap ga dapet /huhu;https://x.com/undefined/status/1966128726065942624;not media;relevan;https://x.com/undefined/status/1966128726065942624
11/09/2025 21:38;Kepala BPJH Sebut Sertifikasi Halal Jadi Standar Wajib di Program Makan Bergizi Gratis https://t.co/EcvNFZK7S0;https://x.com/undefined/status/1966255093554249847;not media;relevan;https://x.com/undefined/status/1966255093554249847
11/09/2025 11:02;@RiyanRiyan52986 @GoodRecom Gue liat ini bagian dari program Makan Bergizi Gratis di Indonesia tujuannya bagus buat nutrisi anak sekolah. Tapi kalo siswa harus duduk di lantai antri mungkin butuh fasilitas lebih baik biar efisien dan nyaman. Gimana menurut lu? ;https://x.com/undefined/status/1966095008181964946;not media;not relevan;https://x.com/undefined/status/1966095008181964946
11/09/2025 13:12;gk masup akal tapi at least ada yg lebih gk masup akal yaitu mbg dan 19 juta lapangan pekerjaan;https://x.com/undefined/status/1966127629020574062;not media;not relevan;https://x.com/undefined/status/1966127629020574062
11/09/2025 12:48;Cw // belatung ulat mbg Nah kan. It's all about time aja. https://t.co/v0eFypavs2;https://x.com/undefined/status/1966121608747405604;not media;not relevan;https://x.com/undefined/status/1966121608747405604
11/09/2025 12:09;Kenapa minta duit? Jawabannya simple: kena efisiensi dari pemerintah pusat Emang semuanya ini demi mbg wwkwkwk;https://x.com/undefined/status/1966111975144046953;not media;not relevan;https://x.com/undefined/status/1966111975144046953
11/09/2025 05:31;Menurut gua gak penting lah drama-drama gini. Terserah. Gua nunggu kebijakan menteri baru aja yang mau gelontorin 200T untuk pasar. Yang menarik lagi adalah akan percepat belanja negara. Tapi kalau pos pengeluarannya kayak MBG yg semangkanya setipis kartu BCA prioritas anak;https://x.com/undefined/status/1966011660327661787;not media;relevan;https://x.com/undefined/status/1966011660327661787
11/09/2025 06:03;Siswa di Nongsa Request Menu MBG Sampaikan Lewat Memo #mbgbersatu https://t.co/YaDrkr1wKy;https://x.com/undefined/status/1966019818487951834;media;relevan;https://x.com/undefined/status/1966019818487951834
11/09/2025 19:54;MBG program baru. Wajar masih ada kurang sana sini. Ada yang ingin membatalkan program ini dan minta program sekolah gratis. Padahal dua duanya ada. Gak nyimak;https://x.com/undefined/status/1966228925207736436;not media;relevan;https://x.com/undefined/status/1966228925207736436
11/09/2025 11:18;MBG LU STOP LAH EGE LALU DIPAKE BUAT PENDIDIKAN ELAAAH;https://x.com/undefined/status/1966098939222110673;not media;relevan;https://x.com/undefined/status/1966098939222110673
11/09/2025 11:51;Berikan kritik dan saran pada tempatnya bukan utk memprovokasi buat batalin progam yang manfaat dr tujuannya baru bisa dirasakan jangka panjang. Spt MBG ditempat anak gw...menu kebanyakan anak tidak makan ortu memberikan aspirasi ke sekolah baru disampaikan ke SPPG dan lgs https://t.co/5rEot466f5;https://x.com/undefined/status/1966107381307412566;not media;relevan;https://x.com/undefined/status/1966107381307412566
11/09/2025 10:22;Social justice itu regardless lu lahir dimana sepanjang lu lahir di bumi dan air ibu Indonesia lu punya akses basic necessities yg sama. Bangun sekolah rakyat di Jaksel? Yg boneng juragannn. Belum MBG itu roll out di sekolah bias urban. Stunting dimana lu kasih MBG dimana. ;https://x.com/undefined/status/1966084833853182243;not media;relevan;https://x.com/undefined/status/1966084833853182243
11/09/2025 13:59;Kawal Ketat Anggaran MBG Menkeu Purbaya Minta BGN Transparan ke Publik https://t.co/OXHkxUEP81;https://x.com/undefined/status/1966139624944005492;media;relevan;https://x.com/undefined/status/1966139624944005492
11/09/2025 16:42;MBG mestinya kayak gini wok @prabowo;https://x.com/undefined/status/1966180491012542798;not media;not relevan;https://x.com/undefined/status/1966180491012542798
11/09/2025 22:23;Mbg aja yang dipotong atau gak ada sekalian... ye gob--;https://x.com/undefined/status/1966266368803917927;not media;relevan;https://x.com/undefined/status/1966266368803917927
11/09/2025 16:31;Melihat ini Masih lebih mementingkan MBG kah?;https://x.com/undefined/status/1966177778166047152;not media;not relevan;https://x.com/undefined/status/1966177778166047152
11/09/2025 13:16; Lahan sekitar 500 meter persegi kami siapkan di area Mapolsek Baturaja Timur untuk pembangunan dapur MBG kata Kapolres OKU AKBP Endro Aribowo https://t.co/E9hMXuiIQn;https://x.com/undefined/status/1966128680603889746;media;relevan;https://x.com/undefined/status/1966128680603889746
11/09/2025 10:26;Dapur MBG dengan anggaran sama mungkin bisa pesan ke sini.;https://x.com/undefined/status/1966085948602728597;not media;not relevan;https://x.com/undefined/status/1966085948602728597
11/09/2025 12:14;@tanyakanrl yg keracunan mbg setrauma apa ya (hari harinya bakal ketemu mbg mbg lagi soalnya);https://x.com/undefined/status/1966113176938025432;not media;not relevan;https://x.com/undefined/status/1966113176938025432
11/09/2025 09:04;Dapur Penyuplai MBG di Handapherang Ciamis Respon Keluhan Orang Tua Murid https://t.co/tTm5hNGntP;https://x.com/undefined/status/1966065322827338224;media;relevan;https://x.com/undefined/status/1966065322827338224
11/09/2025 10:55;Ok berarti kurangi/hapus anggaran untuk MBG;https://x.com/undefined/status/1966093270167208133;not media;relevan;https://x.com/undefined/status/1966093270167208133
11/09/2025 15:01;mbg= makan bergizi gratis mbg= makan BASI gratis (udah 2 hari berturut-turut saya dapat sayur basi.);https://x.com/undefined/status/1966155190127702042;not media;relevan;https://x.com/undefined/status/1966155190127702042
11/09/2025 12:19;Kader Sekolah mendapatkan materi tentang Cara Memilih dan Mengolah Pangan Nutrisi Seimbang Peran Kader Keamanan Pangan dan Implementasi Keamanan Pangan di Kantin Sekolah serta Keamanan Pangan Program Makan Bergizi Gratis.;https://x.com/undefined/status/1966114263384346854;media;relevan;https://x.com/undefined/status/1966114263384346854
11/09/2025 07:29;Kan namanya MBG makanan bergizi gratis bukan MEG makanan enak gratis... Kalau makanan bergizi enak gratis jatuh nya mahal per porsi...;https://x.com/undefined/status/1966041268452209009;not media;relevan;https://x.com/undefined/status/1966041268452209009
11/09/2025 12:38;Pengelola MBG adalah orang2 berduit. Belanja kebutuhan spt minyak dan bahan kering lainya juga pabrikan. Ada memang yg langsung ke petani. Prosentasenya tidak terlalu besar. @budimandjatmiko Budiman Sudjatmiko Jawab Tuntutan Ekonom Atas Program Prabowo https://t.co/NYxbQxKoJk;https://x.com/undefined/status/1966119097852375296;not media;relevan;https://x.com/undefined/status/1966119097852375296
11/09/2025 08:57;Berharap banget sekolahku dapat MBG secepatnya gara-gara tadi liat salah satu siswa cuman bekal nasi sama sosis curah merah 1 gulung :(;https://x.com/undefined/status/1966063647526093271;not media;relevan;https://x.com/undefined/status/1966063647526093271
11/09/2025 12:02;Anggaran MBG tuh berapa ya Wok?;https://x.com/undefined/status/1966110137636282557;not media;not relevan;https://x.com/undefined/status/1966110137636282557
11/09/2025 10:09;ANTARA - Mukomuko siapkan tiga lokasi SPPG dukung program MBG https://t.co/fEm3OCuv3L;https://x.com/undefined/status/1966081632873418896;media;relevan;https://x.com/undefined/status/1966081632873418896
11/09/2025 15:50;La anggaran pendidikan malah dibuat MBG kapan hari.. inkompeten banget;https://x.com/undefined/status/1966167552570306940;not media;relevan;https://x.com/undefined/status/1966167552570306940
11/09/2025 13:04;@siggitiga @neVerAl0nely__ Tidak ada informasi yang menunjukkan bahwa siswa ini dari Holy Bell School sekolah swasta di Nepal menerima makan bergizi gratis. Program makan siang gratis di Nepal utamanya untuk sekolah negeri bukan swasta. (Berdasarkan pencarian terbaru hingga September 2025.);https://x.com/undefined/status/1966125780469166134;not media;not relevan;https://x.com/undefined/status/1966125780469166134
11/09/2025 11:06;MBG..4 sehat 5 irit;https://x.com/undefined/status/1966096044674134143;not media;not relevan;https://x.com/undefined/status/1966096044674134143
11/09/2025 12:26;Komuk nya kek belum dapet Jatah MBG lemes beut ;https://x.com/undefined/status/1966116252684054528;not media;not relevan;https://x.com/undefined/status/1966116252684054528
