created_at;full_text;tweet_url;media;relevan;link
14/09/2025 14:34;Kasus keracunan MBG di Mlati Sleman ini diduga dimasak sama PT Janu Putra. Pendiri dan pemiliknya H. Singgih Januratmoko Anggota DPR RI dari Partai Golongan Karya. https://t.co/6eBuDLrsWD;https://x.com/undefined/status/1967235454744539592;media;relevan;https://x.com/undefined/status/1967235454744539592
14/09/2025 16:24;Program Makan Bergizi Gratis (MBG) melalui pembangunan dapur Satuan Pelayanan Pemenuhan Gizi (SPPG) terbukti memberikan dampak signifikan terhadap penciptaan lapangan kerja dengan sekitar 15.000 tenaga kerja yang telah terserap. #opinimerdeka #MakanBergiziGratis https://t.co/B7T8sPR3a5;https://x.com/undefined/status/1967263313395696053;media;relevan;https://x.com/undefined/status/1967263313395696053
14/09/2025 15:41;MALANG Program Makan Bergizi Gratis (MBG) di Kota Malang terus berkembang. Terbaru Satuan Pelayanan Pemenuhan Gizi (SPPG) Rampal Celaket resmi siap beroperasi digagas oleh Yayasan Batik Tulis Celaket. Ketua yayasan Abdul Hanan menegaskan SPPG tak hanya memenuhi kebutuhan https://t.co/nppG3asKW7;https://x.com/undefined/status/1967252443827449896;media;relevan;https://x.com/undefined/status/1967252443827449896
14/09/2025 12:51;Anggota DPR RI Fraksi NasDem Irma Suryani Chaniago meminta Kepala Badan Gizi Nasional (BGN) untuk hanya berfokus pada masalah yang berkutat di Program Makan Bergizi Gratis (MBG). Hal ini juga merupakan langkah preventif agar anggaran negara yang telah digelontorkan untuk program https://t.co/vPUsmVE2I8;https://x.com/undefined/status/1967209561796100351;media;relevan;https://x.com/undefined/status/1967209561796100351
14/09/2025 16:00; Iklan propaganda dibelain keracunan mbg (dibilang persentase kecil dibelain). Pantesan disebut kndang monyet tp kata wrga tt X jg sama aja tp versi text. Klopun ada monyet yg bgini di X keknya udah dikroyok gakssi? https://t.co/HYGJwsbXQb;https://x.com/undefined/status/1967257070517825820;individual;relevan;https://x.com/undefined/status/1967257070517825820
14/09/2025 09:47;Tim Ahli Gizi Japan International Cooperation Agency (JICA) yang dipimpin oleh ahli gizi Mr. Ryu Nakahira meninjau secara langsung seluruh rangkaian proses penyelenggaraan MBG di SPPG Polres Tulungagung Pada Jumat 12 September 2025. https://t.co/4qH9x3jFEB;https://x.com/undefined/status/1967163316226453627;media;relevan;https://x.com/undefined/status/1967163316226453627
14/09/2025 16:00;Pengamat politik dari Forum Masyarakat Peduli Parlemen Indonesia (Formappi) Lucius Karus menilai keterlibatan anggota DPR maupun DPRD dalam proyek dapur MBG sebagai tindakan yang mencederai prinsip tata kelola pemerintahan. https://t.co/9S3X1rT3FE;https://x.com/undefined/status/1967257029439017166;media;relevan;https://x.com/undefined/status/1967257029439017166
14/09/2025 13:16;Sebuah video pendek berisi capaian program Presiden Prabowo Subianto viral usai ditayangkan di bioskop. Video tersebut menampilkan data produksi beras keberhasilan Program Makan Bergizi Gratis hingga peluncuran Koperasi Desa Merah Putih dan Sekolah Rakyat. Publik ramai https://t.co/lzM8SuYyHo;https://x.com/undefined/status/1967215954800345442;media;relevan;https://x.com/undefined/status/1967215954800345442
14/09/2025 18:00;Ayun yung tax natin o https://t.co/SE3cWqvPBO;https://x.com/undefined/status/1967287304009269275;individual;not relevan;https://x.com/undefined/status/1967287304009269275
14/09/2025 23:25;Sejumlah dapur MBG yang ada dikeloa oleh Anggota Dewan. Bagaimana menurut sobat pembaruan ? https://t.co/xiK4HRgQyT;https://x.com/undefined/status/1967369170909339798;media;relevan;https://x.com/undefined/status/1967369170909339798
14/09/2025 22:47;BAGI BAGI PROYEK MBG SESAMA ANGGOTA DEWAN. Sudah jangan berisik! Dibagi saja yang adil. Tidak cukupkah Gaji dan Tunjangan yg selangit sbg Anggota Dewan hingga MBG pun diembat juga ? https://t.co/vVySNATOEI;https://x.com/undefined/status/1967359683511062710;individual;relevan;https://x.com/undefined/status/1967359683511062710
14/09/2025 23:49;Demi Pendidkan Mempertaruhkan Nyawa. Pulang Sekolah tak ada jemputan Siswa ini berenang dari Desa Saminyamau menuju kerumah Desa Posi-Posi Rao Kecamatan Pulau Rao Kabupaten Pulau Morotai Maluku Utara. Selamat pagi Program MBG https://t.co/Fu917RiP5l;https://x.com/undefined/status/1967375188309516518;individual;not relevan;https://x.com/undefined/status/1967375188309516518
14/09/2025 16:06;Program Makan Bergizi Gratis Dapat Membantu Meningkatkan Kecerdasan #MBG https://t.co/tpuPVgf8ic;https://x.com/undefined/status/1967258548699808240;individual;relevan;https://x.com/undefined/status/1967258548699808240
14/09/2025 16:45;Harus ngucap apa ini alhamdulillah apa innalillah ya Pak Presiden. Gini amat sie program MBG nya? https://t.co/J6SgRfKLg3;https://x.com/undefined/status/1967268467054375119;individual;not relevan;https://x.com/undefined/status/1967268467054375119
14/09/2025 14:57;ㅤㅤㅤㅤ Makan Bergizi Gratis bareng twobeer edisi perdagingan (gyukaku) disponsorin Mas Arka! ㅤㅤ https://t.co/NUEn19QijN;https://x.com/undefined/status/1967241302808150396;individual;not relevan;https://x.com/undefined/status/1967241302808150396
14/09/2025 21:36;Tidak semua anak kekurangan gizi dan juga tidak semua ibu yang setuju dengan MBG tapi semua ortu pasti setuju kalau biaya pendidikan anak-anaknya murah. https://t.co/ZB0AbVkTc9;https://x.com/undefined/status/1967341805034442894;individual;relevan;https://x.com/undefined/status/1967341805034442894
14/09/2025 16:05;Makan Bergizi Gratis Program Makan Bergizi Gratis Dapat Membantu Meningkatkan Kemampuan Belajar Anak #MBG https://t.co/2DihTLNcqN;https://x.com/undefined/status/1967258536351772794;individual;relevan;https://x.com/undefined/status/1967258536351772794
14/09/2025 14:03;Harusnya pencapaian pemerintah dimasukin: ribuan siswa keracunan MBG koperasi merah putih yang tutup kasus korupsi yang makin banyak.;https://x.com/undefined/status/1967227736004677881;individual;relevan;https://x.com/undefined/status/1967227736004677881
14/09/2025 14:15;Sejumlah dapur satuan pelayanan pemenuhan gizi (SPPG) program makan bergizi gratis (MBG) di Kota Tasikmalaya Jawa Barat belum beroperasi. Masih banyak siswa sekolah serta madrasah masih tersentuh program tersebut. https://t.co/uygOi6NHC6;https://x.com/undefined/status/1967230605621608526;media;relevan;https://x.com/undefined/status/1967230605621608526
14/09/2025 16:25;Program Makan Bergizi Gratis (MBG) melalui pembangunan dapur Satuan Pelayanan Pemenuhan Gizi (SPPG) terbukti memberikan dampak signifikan terhadap penciptaan lapangan kerja dengan sekitar 15.000 tenaga kerja yang telah terserap. #opinimerdeka #MakanBergiziGratis https://t.co/gmQVkEIrVq;https://x.com/undefined/status/1967263354717929614;media;relevan;https://x.com/undefined/status/1967263354717929614
14/09/2025 16:43;Tolonglah Pak dikaji ulang program MBG nya. Kalo sama2 ngabisin dana mbok pilih program yg lebih berbobot. Yang tahu selera makan anak itu orang tuanya. Kasih lapangan kerja dan gratiskan pendidikan saja. https://t.co/7nshDeotE2 https://t.co/hh1blUgMF6;https://x.com/undefined/status/1967267868028113086;individual;relevan;https://x.com/undefined/status/1967267868028113086
14/09/2025 16:41;@KuntoAjiW Pak cukup pak ponakan saya baru jum'at lalu keracunan mbg. Serius ini mah. Siapa hayo yang mau tanggung jawab kalo gitu?!;https://x.com/undefined/status/1967267429916295540;individual;relevan;https://x.com/undefined/status/1967267429916295540
14/09/2025 11:05;ngeri banget -wal! guru SMAN 13 SAMARINDA sampai melarang siswa nya buat speak up tentang MBG. https://t.co/SNGMvPdjjL;https://x.com/undefined/status/1967182994960978257;individual;relevan;https://x.com/undefined/status/1967182994960978257
14/09/2025 16:01;"#intinyadeh &gt; Viral video Prabowo sebelum penayangan film di bioskop &gt; Video bahas program MBG Koperasi Merah Putih dll &gt; Byk dikritik netizen: gak nyaman. Uang rakyat dipake buat placement di bioskop &gt; Mensesneg: lumrah sepanjang gak langgar aturan &amp; kenyamanan penonton";https://x.com/undefined/status/1967257410470609263;individual;not relevan;https://x.com/undefined/status/1967257410470609263
14/09/2025 11:18;Dalam Upaya Cegah Kerumunan SDIT Baiturrahman Terapkan Sistem Dua Sesi untuk Program MBG News Sorendiweri Dalam upaya membentuk generasi yang tidak hanya cerdas secara akademik tetapi juga sehat jasmani SDIT Baiturrahman Tanah Merah telah meluncurkan Program Makan Bergizi https://t.co/EXvxP4tHNa;https://x.com/undefined/status/1967186294712529343;media;relevan;https://x.com/undefined/status/1967186294712529343
14/09/2025 13:37;"makan gratis? yes. makan aman? harus dong! polres tulungagung rajin cek makanan tiap hari biar anak-anak &amp; ibu hamil ngga dapet gizi bareng formalin.. keren banget nih. kita dukung mbg ini https://t.co/ctXaRnLeFN https://t.co/AR1yL8FLNg";https://x.com/undefined/status/1967221054805540928;individual;relevan;https://x.com/undefined/status/1967221054805540928
14/09/2025 10:14;MBG perlu di evaluasi untuk mencapai tujuan yang sesungguhnya;https://x.com/undefined/status/1967170109325427170;individual;relevan;https://x.com/undefined/status/1967170109325427170
14/09/2025 22:30;@kompascom Pencapaian hingga bulan Agustus. Korban PHK terus naik para siswa yang keracunan MBG juga terus bertambah. Ikut di tayangkan?! Tentu tidak.! https://t.co/hY6gFalRhW;https://x.com/undefined/status/1967355221652422780;individual;relevan;https://x.com/undefined/status/1967355221652422780
14/09/2025 13:00;Wabup Tangerang Intan Nurul Hikmah Resmikan Dapur MBG Ponpes Al Badar untuk Percepatan Penurunan Stunting https://t.co/RVzNV540t2;https://x.com/undefined/status/1967211962556952799;media;relevan;https://x.com/undefined/status/1967211962556952799
14/09/2025 09:31;Miniatur MBG https://t.co/ch1f2Rixn5;https://x.com/undefined/status/1967159302843678941;individual;not relevan;https://x.com/undefined/status/1967159302843678941
14/09/2025 15:26;Minggu kemaren bocil yg aku ajar les jg abis keracunan MBG. Bisa gak sih program ini distop aja anjir.;https://x.com/undefined/status/1967248607624782307;individual;relevan;https://x.com/undefined/status/1967248607624782307
14/09/2025 14:06;Makan Bergizi Gratis Wujud Kebersamaan Satgas Yonif 511/Dibyatara Yodha Pos Tima dengan Masyarakat Distrik Tima https://t.co/7x5nCwHN45 https://t.co/RHYMn1Lz4y https://t.co/Ku7DuEB78O https://t.co/4cRsIWadAl;https://x.com/undefined/status/1967228472734155113;media;relevan;https://x.com/undefined/status/1967228472734155113
14/09/2025 10:45;Program MBG...Proyek ratusan T harusnya melakukan introspeksi evaluasi lakukan perbaikan...dari standar menu kualitas bahan. Berdayakan masyarakat/ortu siswa sekitar. Setidaknya rakyat menikmati proyek ratusan T ini.;https://x.com/undefined/status/1967177823111799102;individual;relevan;https://x.com/undefined/status/1967177823111799102
14/09/2025 15:07;Dukung Program Makan Bergizi Gratis #MakanBergiziGratis #GenerasiSehat #IndonesiaEmas https://t.co/ycvgwvcu1h;https://x.com/undefined/status/1967243723450057096;individual;relevan;https://x.com/undefined/status/1967243723450057096
14/09/2025 23:33;alhamdulillah dapat tiga porsi mbg di #SunghoSweetSerenade https://t.co/R7WI0Db9oB;https://x.com/undefined/status/1967371037047492636;individual;not relevan;https://x.com/undefined/status/1967371037047492636
14/09/2025 12:29;Daripada bayar MBG mending buat nambah bayaran guru sederhana tapi pemerintah tidak mau;https://x.com/undefined/status/1967204174933938524;individual;relevan;https://x.com/undefined/status/1967204174933938524
14/09/2025 15:08;Kanit propam Polsek Muara Batang Gsdis Aiptu Rudi Kurniakan melaksanakan Patroli antisipasi 3C serta antisipasi gangguan kamtibmas di warung Sdr. Pardi Trans Sp. I Desa Singkuang Kec. Muara Batang Gadis Kab. Madina. (14/09/2025) https://t.co/FWJ3gf2Xka;https://x.com/undefined/status/1967244119102882105;media;not relevan;https://x.com/undefined/status/1967244119102882105
14/09/2025 15:12;@mbahGandalf @Ary_PrasKe2 @newIding30 @CakKhum @jhonsitorus_19 @mikuroQ @VDSyst3msX Polemik regulasi UU MD3 memang melarang anggota DPR/DPRD berbisnis dengan dana negara termasuk proyek MBG untuk hindari konflik kepentingan. Fungsi pengawasan mereka bisa terganggu jika terlibat langsung seperti kasus di Banjar dan Kuningan (sumber: Times Indonesia TI;https://x.com/undefined/status/1967245121134719177;individual;relevan;https://x.com/undefined/status/1967245121134719177
14/09/2025 09:28;MBG itu government spending faktor positif pertumbuhan jika benar. Benahi bukan distop. @prabowo @bang_dasco @gerindra;https://x.com/undefined/status/1967158511546290184;individual;relevan;https://x.com/undefined/status/1967158511546290184
14/09/2025 09:25;MBG itu memang modus bancakan untuk @DPR_RI @Gerindra Walaupun KLB MBG Basi Belatungan dan Beracun banyak makan korban tak mungkin dihentikan sendirinya https://t.co/oau1d4ezWW;https://x.com/undefined/status/1967157717413556545;individual;relevan;https://x.com/undefined/status/1967157717413556545
14/09/2025 10:37;@KangManto123 Dia dia juga pemainya pantes DPR gk pernah angkat bicara ttg keracunan MBG yg terus terjadi di byk daerah..;https://x.com/undefined/status/1967175904670724210;individual;relevan;https://x.com/undefined/status/1967175904670724210
14/09/2025 15:02;MBG in Heaven;https://x.com/undefined/status/1967242679756206219;individual;not relevan;https://x.com/undefined/status/1967242679756206219
14/09/2025 22:45;DEMI ALLAH INI KITA GA ADA YG MAU GRUDUK PROGRAM MBG KAH??!!!;https://x.com/undefined/status/1967359187555631343;individual;relevan;https://x.com/undefined/status/1967359187555631343
14/09/2025 16:25;jadi dapur MBG itu selama 24 jam penuh ada aktivitas kerja terus tanpa henti... yang kasian itu kepala dapur (SPPI) tanggung jawab besar.. karena dia penangung jawab utama SPPG;https://x.com/undefined/status/1967263403610976406;individual;relevan;https://x.com/undefined/status/1967263403610976406
14/09/2025 12:23;#MBG berikan tunai @PurbayaYudhi lebih mengena sasaran kalau diberikan Natura sama dengan PKH dikorupsi petugas2nya! Kalau PKH diberikan mentah / bahan masih mendingan MBG diberikan dalam bentuk Makanan siap saji akhirnya dapat makanan sampah jadi #makanberacungratis !! https://t.co/MIYiULofbe;https://x.com/undefined/status/1967202419986849809;individual;relevan;https://x.com/undefined/status/1967202419986849809
14/09/2025 09:21;again benerin fasilitas fundamental aja dulu. lu upgrade semua plot MBG jd mudah.;https://x.com/undefined/status/1967156731420827739;individual;not relevan;https://x.com/undefined/status/1967156731420827739
14/09/2025 17:33;nih orang gede kepala banget ya. udah tau mbg nguras anggaran negara nambah utang dan nambahin masalah. tetep aja jalan dan dibangga2in. nutup mata banget sama fakta;https://x.com/undefined/status/1967280439007256834;individual;relevan;https://x.com/undefined/status/1967280439007256834
14/09/2025 13:35;Kanit Samapta Polsek Muara Batang Gadis Aiptu Indra Ali Akbar melaksanakan Patroli dan Pengaturan Lalu Lintas di Pesta Pernikahan anak sdr. Supardi di Desa Singkuang 1 Kec. Muara Batang Gadis Kab. Madina. (14/09/2025) https://t.co/NOFtBOvbiV;https://x.com/undefined/status/1967220579129590202;media;not relevan;https://x.com/undefined/status/1967220579129590202
14/09/2025 12:49;Satu hari satu berita keracunan mbg;https://x.com/undefined/status/1967209122891440236;individual;relevan;https://x.com/undefined/status/1967209122891440236
14/09/2025 14:50;Harusnya MBG ini bisa dipake untuk membuka lapangan pekerjaan.. bukan malah dibabat sama orang-orang serakah @prabowo;https://x.com/undefined/status/1967239448212771279;individual;relevan;https://x.com/undefined/status/1967239448212771279
14/09/2025 15:30;Makan Bergizi Gratis dengan Investasi Masa Depan Anak dan Negeri https://t.co/VFkYnByqXv;https://x.com/undefined/status/1967249492383805457;individual;relevan;https://x.com/undefined/status/1967249492383805457
14/09/2025 14:32;Salut buat program makan bergizi gratis. Anak-anak jadi lebih siap raih cita-cita. https://t.co/f3LVXnc6pj;https://x.com/undefined/status/1967235003944673309;suspend;relevan;https://x.com/undefined/status/1967235003944673309
14/09/2025 14:02;Bhabinkamtibmas Polsek Muara Batang Gadis Aiptu S. Bahri Lubis melaksanakan sambang dan silaturahmi warga sekaligus menyampaikan pesan-pesan kamtibmas di warung / Grosir sembako Sdr. Keteng Desa Tabuyung Kec. Muara Batang Gadis Kab. Madina. (14/09/2025) https://t.co/ZSmJ1ybA70;https://x.com/undefined/status/1967227503170445675;media;not relevan;https://x.com/undefined/status/1967227503170445675
14/09/2025 10:14;"Demi kebaikan bangsa Demi keselamatan negara Demi kesehatan APBN yg sekarang kurang gizi Agar Presiden @Prabowo tdk makin dalam terjerumus KKN &amp; Kebodohan STOP MBG ! BUBARKAN BGN ! Sidik Korupsinya !";https://x.com/undefined/status/1967170041608290412;individual;relevan;https://x.com/undefined/status/1967170041608290412
14/09/2025 15:31;anak w kalau dikasih semangka mbg kayaknya ngomel minta nambah lagi ;https://x.com/undefined/status/1967249945259622843;individual;relevan;https://x.com/undefined/status/1967249945259622843
14/09/2025 16:00;Fenomena Siswa Tolak MBG Pakar Dorong Evaluasi Total Program Makan Bergizi Gratis - https://t.co/8iDDgvB3w6 https://t.co/1qminQgbX3;https://x.com/undefined/status/1967257165313544427;media;relevan;https://x.com/undefined/status/1967257165313544427
14/09/2025 14:47;Kanit Samapta Polsek Muara Batang Gadis Aiptu Indra Ali Akbar dan Kanit Propam Aiptu Rudi Kurniawan melaksanakan Patroli dan Pengamanan di Lokasi Acara Resepsi Pernikahan anak sdr. Supardi di Desa Singkuang 1 Kec. Muara Batang Gadis Kab. Madina. (14/09/2025) https://t.co/rPtC5mA4Yt;https://x.com/undefined/status/1967238892865880262;media;not relevan;https://x.com/undefined/status/1967238892865880262
14/09/2025 17:03;...andai kata tunjangan tidak dimasalahkan bisa dibayangkan betapa sangat kaya rayanya mereka karena ikut bermain juga di proyek mbg..;https://x.com/undefined/status/1967272968826036556;individual;relevan;https://x.com/undefined/status/1967272968826036556
14/09/2025 14:33;Salut makan bergizi gratis bikin anak-anak makin percaya diri di sekolah. https://t.co/TMS3jUU3so;https://x.com/undefined/status/1967235158194471319;suspend;relevan;https://x.com/undefined/status/1967235158194471319
14/09/2025 13:54;Tim Ahli Gizi dari Japan International Cooperation Agency (JICA) Puas dengan Pelaksanaan MBG oleh SPPG Polres Tulungagung. #sppg #sppgpolrestulungagung #tulungagung #polrestulungagung #pidpolsekngunut https://t.co/sEqeMbm8nb;https://x.com/undefined/status/1967225449140109345;media;relevan;https://x.com/undefined/status/1967225449140109345
14/09/2025 11:18;Tarian penolak MBG;https://x.com/undefined/status/1967186192539275325;individual;not relevan;https://x.com/undefined/status/1967186192539275325
14/09/2025 14:03;Klo dipikir2.. MBG sm Koprasi itu kan lbh nargetin kalangan bawah banget bkn? On paper itu dua program klo terlaksana dgn baik dan gk pake ada yg korupsi bgs2 aja sih. Tp mslhnya program buat bantu kalangan menengah mana? kyk gk ada yg peduli gt dipemerintah..;https://x.com/undefined/status/1967227741499261396;individual;relevan;https://x.com/undefined/status/1967227741499261396
14/09/2025 15:27;MBG DAN BGN NAJISSSS PANTES BANYAK YANG KERACUNAN WOYYY SPPI NYA DONGO2 NGABIS2 IN DUIT APBN AJA LU PADA NAJISS disclaimer aku ahli gizi mbg wkwkwkk......;https://x.com/undefined/status/1967248967038906458;individual;relevan;https://x.com/undefined/status/1967248967038906458
14/09/2025 14:47;Namanya juga KMBG Kolusi Makan Bergizi Gratis @DPR_RI @BEM_SI @BEMUI_Official;https://x.com/undefined/status/1967238701546979707;individual;relevan;https://x.com/undefined/status/1967238701546979707
14/09/2025 14:56;mbg mulu anjir;https://x.com/undefined/status/1967240973270061107;individual;not relevan;https://x.com/undefined/status/1967240973270061107
14/09/2025 16:07;@PreciosaKanti gak hyginies......mk banyak guru dan siswa yg terkapar akibat keracunan MBG..mohon dihentikan saja...;https://x.com/undefined/status/1967259005430247799;individual;relevan;https://x.com/undefined/status/1967259005430247799
14/09/2025 15:14;Bajet mbg aja ga segini jin;https://x.com/undefined/status/1967245581291753869;individual;not relevan;https://x.com/undefined/status/1967245581291753869
14/09/2025 09:40;Makan Bergizi Gratis program pak Presiden @prabowo untuk anak anak Indonesia cerdas Makan Belatung Gratis program untuk binatang ternak Makan Beracun Gratis program sabotase teroris atau korupsi Semoga kamu paham @grok;https://x.com/undefined/status/1967161408820531409;individual;relevan;https://x.com/undefined/status/1967161408820531409
14/09/2025 12:01;Pengusaha Dukung Rekomendasi MUI untuk Jaminan Halal Menu MBG https://t.co/1P2p1CZmAY https://t.co/XKloaF16gs;https://x.com/undefined/status/1967197100430516584;media;relevan;https://x.com/undefined/status/1967197100430516584
14/09/2025 15:09;@nugtriad @Mumun19821 @KangManto123 Berdasarkan pencarian anggota DPRD Kabupaten Kediri yang terlibat dalam sosialisasi program Makan Bergizi Gratis (MBG) termasuk Antox Prapungka Jaya. Namun tidak ada info publik spesifik tentang kepemilikan atau affiliasi langsung dengan Dapur MBG. Mungkin perlu cek sumber;https://x.com/undefined/status/1967244435248603178;individual;relevan;https://x.com/undefined/status/1967244435248603178
14/09/2025 14:34;Program makan bergizi gratis adalah langkah emas untuk masa depan. Salut. https://t.co/fY9jKtM7Ps;https://x.com/undefined/status/1967235423232496048;suspend;relevan;https://x.com/undefined/status/1967235423232496048
14/09/2025 21:26;klo merujuk data ini maka #MBGBegalPendidikan bukan AKAN SEGERA TERJADI melainkan SUDAH TERJADI sejak tahun ini.. MBG bener2 perusak dunia pendidikan Indonesia cuyyy https://t.co/gF5qaNM8mT;https://x.com/undefined/status/1967339276703850954;individual;relevan;https://x.com/undefined/status/1967339276703850954
14/09/2025 23:08;pemerintahan di Indonesia nih emg paling jago manipulasi sesuatu daripada memperbaiki kualitasnya ga heran mereka lebih mentingin mbg ketimbang hak2 dasar kaya pendidikan dan kesehatan;https://x.com/undefined/status/1967364830261923906;individual;relevan;https://x.com/undefined/status/1967364830261923906
14/09/2025 21:34;MBG... Ladang bisnis anggota dewan. Ada korupsi? Siswa makan siangnya sejahtera? Kantin sekolah dikemanain oleh anggota dewan?;https://x.com/undefined/status/1967341190455664654;individual;relevan;https://x.com/undefined/status/1967341190455664654
14/09/2025 16:45;Alah anjing amat babi ngepet MBG MBG tai kucing isinya racun aja di bangga banggain mulu pantekkk;https://x.com/undefined/status/1967268463166341527;individual;relevan;https://x.com/undefined/status/1967268463166341527
14/09/2025 11:19;sebagai tpg sampai sekarang aku masih cari dimana urgensinya mbg ️️️;https://x.com/undefined/status/1967186335279771999;individual;relevan;https://x.com/undefined/status/1967186335279771999
14/09/2025 11:22;Gue setuju MBG asal monitoring dan evaluasi dijalankan dengan ketat dan orgtua/guru yg emg menemukan ketidaksesuaian di lapangan aktif ngelapor ke yg berwajib sambil di vilarin. MBG ini program bagus kok asal dijalankan dgn profesional. Dan gak korup.;https://x.com/undefined/status/1967187102799675704;individual;relevan;https://x.com/undefined/status/1967187102799675704
14/09/2025 11:27;@Syarman59 Bancakan masak anggaran MBG hingga kualitas asupan membahayakan siswa (sudah 4000 siswa keracunan MBG);https://x.com/undefined/status/1967188466716004457;individual;relevan;https://x.com/undefined/status/1967188466716004457
14/09/2025 13:08;Guys sumpah 42k udah dapet 30 narasi lejat bergiji lebih bergiji dibanding mbg;https://x.com/undefined/status/1967213887146914043;individual;not relevan;https://x.com/undefined/status/1967213887146914043
14/09/2025 14:50;Sejak Januari 2025 Sudah Ratusan Siswa di Solo Raya Keracunan MBG Terbaru di Wonogiri https://t.co/CqdhQ7v6Sf;https://x.com/undefined/status/1967239548708291024;media;relevan;https://x.com/undefined/status/1967239548708291024
14/09/2025 11:15;900T itu bisa membiayai MBG biaya 50rb/anak selama 3bulan. Yakin pak presiden yang amat terhormat mau diem diem aja nih? ‍↕️ duit lho ... bisa buat MBG... ‍↕️‍↕️‍↕️‍↕️;https://x.com/undefined/status/1967185546121478638;individual;relevan;https://x.com/undefined/status/1967185546121478638
14/09/2025 14:43;MBG ini gua rasa ga bakal pernah bisa berhasil dah sebelum sekolahnya punya dapur sendiri2 Jadi dari pada buat MBG ya mending buat yg laeeeen;https://x.com/undefined/status/1967237886795006233;individual;relevan;https://x.com/undefined/status/1967237886795006233
14/09/2025 20:18;"@GenshinGamingId @regar_op0sisi Ya gambar itu dari program Makan Bergizi Gratis (MBG) pemerintah Indonesia di Lampung Timur bagian dari inisiatif Prabowo sejak 2025 untuk siswa dan kelompok rentan. Program ini nyata tapi kontroversial: kritik soal porsi kecil &amp; anggaran Rp71T (Tempo Kompas) sementara";https://x.com/undefined/status/1967321981231206638;individual;relevan;https://x.com/undefined/status/1967321981231206638
14/09/2025 16:24;sehat sehat selalu para pejuang (pekerja) MBG yang kerjaannya bia lebih dari 8 jam sehari...;https://x.com/undefined/status/1967263133409665371;individual;relevan;https://x.com/undefined/status/1967263133409665371
14/09/2025 15:13;gacor juga nih chaeryeong masak MBG udah 1M views. masih ada next episode pas bagi bagi MBG https://t.co/fIGbyDfRYF;https://x.com/undefined/status/1967245365993975926;individual;not relevan;https://x.com/undefined/status/1967245365993975926
14/09/2025 12:46;Makan Bergizi Gratis Makan Penahan Lapar Grstis ;https://x.com/undefined/status/1967208229924176066;individual;relevan;https://x.com/undefined/status/1967208229924176066
14/09/2025 16:33;@Mdy_Asmara1701 ahh curang siswa keracunan MBG gak dimasukin klip ;https://x.com/undefined/status/1967265493125070863;individual;relevan;https://x.com/undefined/status/1967265493125070863
14/09/2025 23:24;VIRAL SEMANGKA MBG!! Buah semangkanya diiris tipis setipis cintamu kepadaku! Wakakakaka..! #Ngik https://t.co/wV8tkJX9tZ;https://x.com/undefined/status/1967368931632631849;individual;relevan;https://x.com/undefined/status/1967368931632631849
14/09/2025 13:43;Menurutku program MBG dan Kopdes Merah Putih belum berhasil. Atas dasar apa mereka katakan itu program berhasil? Program yang menimbulkan banyak masalah di lapangan dikatakan berhasil.;https://x.com/undefined/status/1967222700822454475;individual;relevan;https://x.com/undefined/status/1967222700822454475
14/09/2025 16:12;selamat malam para pejuang MBG... menu besok apa saja?;https://x.com/undefined/status/1967260056929661027;individual;not relevan;https://x.com/undefined/status/1967260056929661027
14/09/2025 15:52;Sosialisasi itu perlu disampaikan secara jujur bukan hanya ngomong yg baik2 soal program tapi jg catatan yg menyertainya. Misal kasus keracunan MBG koperasi merah putih yg didirikan tanpa mengikuti prinsip koperasi program efisiensi yg hanya berlaku utk rakyat bukan pejabat;https://x.com/undefined/status/1967255035500507435;media;relevan;https://x.com/undefined/status/1967255035500507435
14/09/2025 10:29;@kumparan Menampilkan capaian-capaian Kabinet Merah Putih mulai dari program Makan Bergizi Gratis Koperasi Desa Merah Putih hingga Sekolah Rakyat. Seperti mahasiswa yg sedang menyusun skripsi men declare saya sarjana setara 1 ;https://x.com/undefined/status/1967173937902805301;individual;not relevan;https://x.com/undefined/status/1967173937902805301
14/09/2025 15:07;@mbahGandalf @Ary_PrasKe2 @newIding30 @CakKhum @jhonsitorus_19 @mikuroQ @VDSyst3msX Berdasarkan laporan dari berbagai sumber seperti Tempo BBC dan Transparency International ada indikasi bahwa beberapa anggota DPRD terlibat dalam pengelolaan dapur MBG sebagai mitra bisnis meskipun pemerintah menyatakan kemitraan terbuka untuk semua. Namun ini menuai kritik;https://x.com/undefined/status/1967243919810605362;individual;relevan;https://x.com/undefined/status/1967243919810605362
14/09/2025 15:35;Selain anak-anak BGN menyebut guru dan relawan posyandu akan mendapat makan bergizi gratis. Hal ini berkaitan dengan anggaran yang meningkat. Via @detik_edu https://t.co/ghE7uUODTq;https://x.com/undefined/status/1967250738205303238;media;relevan;https://x.com/undefined/status/1967250738205303238
14/09/2025 14:12;Jadi Pemasok Dapur Umum Lis Minta KKMP Tangkap Peluang Ekonomi pada MBG https://t.co/5hJCfCasAU;https://x.com/undefined/status/1967230081555972607;media;relevan;https://x.com/undefined/status/1967230081555972607
14/09/2025 14:28;Salut keamanan pangan beneran diperhatikan. Program makan bergizi gratis makin mantap kalau diawasi kayak gini. https://t.co/bsN9q5gxCN;https://x.com/undefined/status/1967234029758910944;suspend;relevan;https://x.com/undefined/status/1967234029758910944
14/09/2025 16:27;Mimpi Makan Bergizi Gratis;https://x.com/undefined/status/1967263964112568568;individual;not relevan;https://x.com/undefined/status/1967263964112568568
14/09/2025 15:49;Udah lama gak nonton di bioskop sih tapi jujur itu ganggu kenyamanan banget woi Dan pls pencapaian apa ya? Keracunan mbg kah ;https://x.com/undefined/status/1967254268030902576;individual;not relevan;https://x.com/undefined/status/1967254268030902576
14/09/2025 12:36;aelah makanan yg mereka maksud tu ngerecun kali ya? ini berita keracunan MBG aja udah banyakk. masih aje masih ajeeeeee tolol;https://x.com/undefined/status/1967205745444983213;individual;relevan;https://x.com/undefined/status/1967205745444983213
14/09/2025 18:52;Sarah ciiii Hun ! #LoveIsBlindFR;https://x.com/undefined/status/1967300340837130705;individual;not relevan;https://x.com/undefined/status/1967300340837130705
14/09/2025 14:34;Salut makan bergizi gratis bikin masa depan anak-anak Indonesia lebih cerah. https://t.co/IyquqCiFWB;https://x.com/undefined/status/1967235477351583864;individual;not relevan;https://x.com/undefined/status/1967235477351583864
14/09/2025 14:31;Makan bergizi gratis jadi langkah besar kalau kualitas tetap dijaga rutin. https://t.co/voLIim5EwS;https://x.com/undefined/status/1967234695646621953;suspend;relevan;https://x.com/undefined/status/1967234695646621953
14/09/2025 14:28;Pengawasan ketat bikin program makan bergizi gratis makin dipercaya. Anak-anak desa bisa tumbuh sehat. https://t.co/fk3G7X3FWe;https://x.com/undefined/status/1967234082661613763;suspend;relevan;https://x.com/undefined/status/1967234082661613763
14/09/2025 15:24;Lebih Bergizi daripada mbg;https://x.com/undefined/status/1967248101204516954;individual;not relevan;https://x.com/undefined/status/1967248101204516954
14/09/2025 17:19;Tak Hanya Siswa Guru dan Relawan Posyandu Akan Dapat Jatah Makan Bergizi Gratis https://t.co/Iqy4Rl2Jpy;https://x.com/undefined/status/1967276944837472732;media;relevan;https://x.com/undefined/status/1967276944837472732
14/09/2025 14:33;Salut buat program makan bergizi gratis. Ini bentuk nyata keberpihakan pada rakyat kecil. https://t.co/8gcRmOfeWL;https://x.com/undefined/status/1967235326499279097;suspend;relevan;https://x.com/undefined/status/1967235326499279097
14/09/2025 17:34;Kenapa kemaren yang ketemu Prabowo di pasar Badung minta MBG masuk Bali??? Jangan anjir uda bagus bawa bekal sendiri ;https://x.com/undefined/status/1967280691986760091;individual;not relevan;https://x.com/undefined/status/1967280691986760091
14/09/2025 14:23;lebih meyakinkan dari mbg;https://x.com/undefined/status/1967232768309686503;individual;not relevan;https://x.com/undefined/status/1967232768309686503
14/09/2025 14:54;Kayaknya apple bakal mundur kalo tipisnya iphone air dibandingin sama tipisnya semangka MBG ;https://x.com/undefined/status/1967240585082970599;individual;relevan;https://x.com/undefined/status/1967240585082970599
14/09/2025 23:39;Hari ini di sekolah anak gue katanya ada MBG untuk pertama kalinya gue bukannya senang tapi malah harap2 cemas Gue wanti2 sama anak gue kalo sekiranya makanannya mencurigakan entah itu rasa atau apapun itu STOP jangan diteruskan makannya Semoga gak terjadi apa2..;https://x.com/undefined/status/1967372642467655700;individual;relevan;https://x.com/undefined/status/1967372642467655700
14/09/2025 16:13;di dapur MBG atau SPPG sejak jam 4 sore tadi sudah memulai untuk menyiapkan makanan bergizi gratis untuk didistribuikan besok.. ini bagian persiapan;https://x.com/undefined/status/1967260344063234489;individual;relevan;https://x.com/undefined/status/1967260344063234489
14/09/2025 23:53;Dasyiatnya paparan Purbaya mengapa dia selalu mengeritik SMI BI mengapa tak mengeritik Jokowi soal dana Hutang dialihkan utk Prakerja Bansos stimulus terselubung pemilu. MBG Koperasi Merah Putih Sekolah Rakyat Sekolah Unggulan apakah anggaran dari hutang sini Produktif? https://t.co/z6yUKEt1EH;https://x.com/undefined/status/1967376136964603985;individual;not relevan;https://x.com/undefined/status/1967376136964603985
14/09/2025 17:42;Day 1 asking MBG mana yang bagus dan disertai proof. Serta manfaat secara langsung maupun tidak langsung terhadap masyarakat. Please elaborate ;https://x.com/undefined/status/1967282868331450808;individual;relevan;https://x.com/undefined/status/1967282868331450808
14/09/2025 13:31;Berarti MBG itu kependekan dari Makan Beracun Gratis dong?;https://x.com/undefined/status/1967219644298862788;individual;relevan;https://x.com/undefined/status/1967219644298862788
14/09/2025 22:40;Penentangan Program MBG yang seperti ini tidak pernah mereka tonton..coba pas ada kesalahan di MBG mereka up sekecang²nya di medsos. @Gojekmilitan;https://x.com/undefined/status/1967357778202448001;individual;relevan;https://x.com/undefined/status/1967357778202448001
14/09/2025 13:34;Video viral menampilkan cuplikan kegiatan dan pernyataan Prabowo tentang program pemerintah termasuk data capaian seperti produksi beras nasional dan Program Makan Bergizi Gratis (MBG). MBG yang diluncurkan Januari 2025 telah menjangkau 20 juta penerima manfaat.;https://x.com/undefined/status/1967220311230955881;media;relevan;https://x.com/undefined/status/1967220311230955881
14/09/2025 14:31;Makan bergizi gratis itu investasi buat generasi. Salut buat program keren ini. https://t.co/p3u13c6Gs2;https://x.com/undefined/status/1967234872738459852;suspend;relevan;https://x.com/undefined/status/1967234872738459852
14/09/2025 14:29;Makan bergizi gratis harus aman. Terima kasih buat pengawasan yang bikin rakyat yakin sama program ini. https://t.co/blH3YEXqbP;https://x.com/undefined/status/1967234175502594096;suspend;relevan;https://x.com/undefined/status/1967234175502594096
14/09/2025 23:15;Saya sebenarnya ngga pernah mau berdebat dengan yang beda pandangan politik dan apa hubungannya postingan islami Mba @NoviBudi78 kamu bisa baca ga itu ada kata Simulasi MBG berarti itu bukan yang dilakukan setiap saat Hanya Simulasi https://t.co/9qsLMcJJtJ;https://x.com/undefined/status/1967366534697029838;individual;not relevan;https://x.com/undefined/status/1967366534697029838
14/09/2025 14:30;Salut makan bergizi gratis diawasi ketat. Kesehatan rakyat jadi prioritas utama. https://t.co/Tz3M1ruBfQ;https://x.com/undefined/status/1967234438141526367;suspend;relevan;https://x.com/undefined/status/1967234438141526367
14/09/2025 23:37;hari enih sekolah ak mulai mbg hmzz;https://x.com/undefined/status/1967372212010435015;individual;relevan;https://x.com/undefined/status/1967372212010435015
14/09/2025 17:35;Dana perporsi ceban ya jangan ngarep dapet yang beneran Bergizi. Ya gak Pak @prabowo @DPR_RI. Yang penting ada sebagian anggota Dewan yang kebagian proyek dapur MBG. https://t.co/0GrtBc1qmL;https://x.com/undefined/status/1967281113501700175;individual;relevan;https://x.com/undefined/status/1967281113501700175
14/09/2025 16:44;pls dong ada yg ngebajak isinya MBG bikin anak keracunan etik etik ndasmu antek antek aseng hidup jokowi indonesia gelap indonesia gelap nyenyenyenye tabrak tabrak masuk ;https://x.com/undefined/status/1967268250095653315;suspend;relevan;https://x.com/undefined/status/1967268250095653315
14/09/2025 15:55;"@awiyanto65 Malam juga. Berita ini benar tapi data di gambar dari Juli 2025 (serapan 5T). Sampai September 2025 anggaran MBG 71T sudah terpakai 13 2T (18 6%). Menkeu Purbaya memang minta Kepala BGN jelaskan serapan rendah &amp; konferensi pers bulanan. Sumber: CNN Indonesia";https://x.com/undefined/status/1967256020755124692;individual;relevan;https://x.com/undefined/status/1967256020755124692
14/09/2025 10:49;Puluhan orang pintar di ring 1 @prabowo Ratusan pembantu Presiden: stafsus/menteri/ka badan dst. Pintar semua. Tapi tak satu pun sarankan Prabowo u/ STOP MBG/Bubarkan BGN Knp? Semua Yes Man Pintar tapi ga bermoral Mental penjilat/ABS Ga peduli negara tekor/hancur gara2 MBG;https://x.com/undefined/status/1967178937483903226;individual;relevan;https://x.com/undefined/status/1967178937483903226
14/09/2025 12:08;@regar_op0sisi Makan Bergizi Gratis Makan Bersyukur (nggak m*ti karena keracunan tapi keracunan juga) Gratis (tapi bayar hasil malak pajak) ️️️ Terus nyuruh beban negara jadi tumbal nyicipin #indonesiagelap;https://x.com/undefined/status/1967198812008849746;individual;relevan;https://x.com/undefined/status/1967198812008849746
14/09/2025 11:51;Saya bantu edit biar tamba seru MBG versi haters https://t.co/6G27arK8FW;https://x.com/undefined/status/1967194428256497787;individual;not relevan;https://x.com/undefined/status/1967194428256497787
14/09/2025 23:43;@EndangWila54165 @KangManto123 Berdasarkan berita terkini politisi Gerindra mengonfirmasi ada anggota dewan yang punya dapur MBG tapi detail partai spesifik nggak disebutkan lengkap. Kemungkinan dari koalisi penguasa seperti Gerindra Golkar dll. Kalau ada info lebih lanjut bisa aku cek lagi!;https://x.com/undefined/status/1967373780550082961;media;relevan;https://x.com/undefined/status/1967373780550082961
14/09/2025 15:13;"#SeleraBhinnekaTunggalIka #GabunganPengusahaBioskopSeluruhIndonesia &gt; Janganlah begitu di situasi ekonomi lagi begini. Harga 1 tiket bioskop &amp; harga 1 porsi MBG aja ngejomplang. Jangan memancing sentimen yg gak enak apalagi kamu bukan pemilik bioskop. https://t.co/f3LD8noD7W";https://x.com/undefined/status/1967245361606791204;individual;relevan;https://x.com/undefined/status/1967245361606791204
14/09/2025 23:45;@EndangWila54165 @KangManto123 Oke aku cek update terbaru soal anggota dewan yang punya dapur MBG. Dari berita di Media Indonesia dan Antara ada kritik karena melibatkan DPRD sebagai eksekutor proyek tapi partai spesifik masih terbatas: Gerindra konfirmasi ada dugaan dari Golkar dan PSI. NasDem soroti;https://x.com/undefined/status/1967374212055908746;individual;relevan;https://x.com/undefined/status/1967374212055908746
14/09/2025 15:15;Pantas utk sebahagian kecil rakyat MBG itu perlu! Ini kader @psi_id kan? https://t.co/7FRvS1b20V;https://x.com/undefined/status/1967245717719884064;individual;relevan;https://x.com/undefined/status/1967245717719884064
14/09/2025 17:34;MBG MBAJING BERGIZI GRATIS .;https://x.com/undefined/status/1967280842763616466;suspend;relevan;https://x.com/undefined/status/1967280842763616466
14/09/2025 16:41;Anak gw MBG senin-jumat dia happy makan bareng temen-temennya.. ga abs dia bawa pulang lanjut makan drmh. Ehh dikasih berita nampannya mengandung Lemak Babi. Ini gw harus apa sih? Maju kena mundur kena. BPJPH CEPET BALIK BAWA BERITA YA! PASTIIN BENERAN ADA LARDNYA APA KAGA! cape;https://x.com/undefined/status/1967267543703605741;individual;relevan;https://x.com/undefined/status/1967267543703605741
14/09/2025 11:24;Bubarkan program MBG.... Gratiskan pendidikan termasuk subsidi penuh untuk Swasta. Lakukan evaluasi dan saring sekokah-sekolah baru. Perbaiki kinerja kementerian pendidikan sampai ke dinas dan perbaiki kualitas Guru/Dosen. @prabowo;https://x.com/undefined/status/1967187671253733520;individual;relevan;https://x.com/undefined/status/1967187671253733520
14/09/2025 11:56;Masih kesel sama sistem rekrut ahli gizi di program mbg ini. Bayangin aja lah misal mau running dapur mbg tanggal 20an tapi baru rekrut seminggu bahkan kurang? Minimal juga prioritasin dulu lah yang pentingnya ini AG direkrut akhir. Mikir menu juga bikin gila (gw);https://x.com/undefined/status/1967195769582342609;individual;relevan;https://x.com/undefined/status/1967195769582342609
14/09/2025 12:55;@WagimanDeep212_ @prabowo Badan Gizi Nasional itu fungsinya apa ya? terus dapur2 penyedia MBG itu gak ada pengawasannya? capek liat berita keracunan MBG;https://x.com/undefined/status/1967210617133240425;individual;relevan;https://x.com/undefined/status/1967210617133240425
14/09/2025 14:07;@doyanikemen ditrakrtir makan bergizi gratis;https://x.com/undefined/status/1967228602224934918;individual;relevan;https://x.com/undefined/status/1967228602224934918
14/09/2025 09:15;Assalamualaikum wrwb. Semangat sore semua! Satu lagi bewara dari MBG Bijimana ... ? https://t.co/2YH7rbs5Tp;https://x.com/undefined/status/1967155132967317941;individual;not relevan;https://x.com/undefined/status/1967155132967317941
14/09/2025 12:07;SMPN 7 Majalengka menyajikan MBG dengan cara prasmanan. Siswa bawa tempat makan sendiri. https://t.co/k8FNSmUmy4;https://x.com/undefined/status/1967198607624548824;individual;relevan;https://x.com/undefined/status/1967198607624548824
17/09/2025 23:22;Please Stop MBG Ratusan siswa di Banggai kepulauan Sulawesi Tengah keracunan makan beracun gratis Rabu 18/9/2025. https://t.co/Y5oZCrnayh;https://x.com/undefined/status/1968455647990583455;individual;relevan;https://x.com/undefined/status/1968455647990583455
17/09/2025 14:09;Muhammad Qodari resmi menjabat sebagai Kepala Staf Kepresidenan (KSP). Dia mendapatkan arahan dari Presiden Prabowo Subianto untuk turut membantu menyosialisasikan program pemerintah. Salah satunya program Makan Bergizi Gratis (MBG). Nantinya KSP juga turut menyosialisasikan https://t.co/UYUPQCCMYG;https://x.com/undefined/status/1968316358116155528;media;relevan;https://x.com/undefined/status/1968316358116155528
17/09/2025 15:42;Asosiasi Pesantren Nahdlatul Ulama (NU) menolak penggunaan baki atau wadah makan yang diproduksi di Tiongkok dalam program makan bergizi gratis (MBG) karena diduga terpapar lemak babi selama proses pembuatannya. Tuntutan utama yang diajukan adalah agar pemerintah menghentikan https://t.co/aCQiepUhEy;https://x.com/undefined/status/1968339709907931328;media;relevan;https://x.com/undefined/status/1968339709907931328
17/09/2025 15:43;Mood banget liat si bestie dateng his drawing so special. Nunggu video baru selalu penasaran ama gambar uangnya. Makan bergizi gratis seharusnya buat mereka - yang dijanjikan dipelihara oleh negara. Semoga mereka semua selalu sehat rejeki melimpah juga untuk pemilik warung. https://t.co/jn1pbe6m7r;https://x.com/undefined/status/1968340162091610278;individual;not relevan;https://x.com/undefined/status/1968340162091610278
17/09/2025 16:25;Menu MBG apa kayak gini? https://t.co/YjMrNclf9I;https://x.com/undefined/status/1968350722606662020;individual;not relevan;https://x.com/undefined/status/1968350722606662020
17/09/2025 17:05;VIDEO: Qodari: MBG untuk Atasi Kesenjangan Pangan https://t.co/Y5Nw4fHd9k;https://x.com/undefined/status/1968360733789536303;individual;not relevan;https://x.com/undefined/status/1968360733789536303
17/09/2025 13:58;Makan Bergizi Gratis di Papua adalah sebuah program strategis Presiden Prabowo untuk memajukan kesejahteraan masyarakat Papua. #PapuaIndonesia #PapuaSejahtera #DukungMBG #EkonomiBangkit #IndonesiaLengkap https://t.co/UNBPe8Ut0T;https://x.com/undefined/status/1968313631353024815;individual;relevan;https://x.com/undefined/status/1968313631353024815
17/09/2025 16:10;Program Makan Bergizi Gratis (MBG) bukan sekadar bantuan tapi investasi jangka panjang untuk membentuk generasi unggul yang sehat cerdas dan berdaya saing tinggi. Inilah langkah nyata menuju Indonesia Emas 2045. #PenuhiGiziIndonesia https://t.co/Inh3ePp2E6;https://x.com/undefined/status/1968346774831321420;individual;relevan;https://x.com/undefined/status/1968346774831321420
17/09/2025 16:09;Program Makan Bergizi Gratis selalu memberikan kekuatan baru bagi anak-anak dan masyarakat. Dukung terus Program MBG! #PenuhiGiziIndonesia https://t.co/shZxH4ag3u;https://x.com/undefined/status/1968346702714470495;individual;relevan;https://x.com/undefined/status/1968346702714470495
17/09/2025 14:52;157 Siswa Diduga Keracunan MBG Dirawat di RS Bangkep Sebanyak 157 siswa diduga keracunan Makanan Bergizi Gratis (MBG). Sekitar 80 siswa sudah pulih dan dipulangkan. Baca berita lengkapnya di: https://t.co/0S0O257bZf #makanbergizigratis #keracunanmbg #sulseltimes https://t.co/f9WPM9MwZJ;https://x.com/undefined/status/1968327202434691460;media;relevan;https://x.com/undefined/status/1968327202434691460
17/09/2025 16:10;Program Makan Bergizi Gratis mendukung pemenuhan gizi anak sejak dini sehingga meningkatkan kualitas kesehatan dan daya saing generasi muda Indonesia. #PenuhiGiziIndonesia https://t.co/Z1tOejXAHz;https://x.com/undefined/status/1968346726991016318;individual;relevan;https://x.com/undefined/status/1968346726991016318
17/09/2025 12:00;LRT Bandung Surabaya Medan: Rp 52 T Jembatan Selat Sunda: Rp 225 T Rel kereta Trans Sumatra: Rp 52 T Total: Rp 330 T KMP dan MBG 2025-2026: Rp 940 T Tapi KMP harusnya gapapa KALAU uang yang dipinjamkan berhasil dibalikin lewat keuntungan usaha KALAU. https://t.co/gPI5FDg7P1;https://x.com/undefined/status/1968283795548733591;individual;not relevan;https://x.com/undefined/status/1968283795548733591
17/09/2025 14:44;Program makan bergizi gratis bukan sekadar bantuan tapi langkah nyata membangun bangsa yang lebih sehat dan produktif. #GenerasiSehat #MakanBergiziGratis https://t.co/8Ftxgp4gjd;https://x.com/undefined/status/1968325279274987574;individual;relevan;https://x.com/undefined/status/1968325279274987574
17/09/2025 14:58;SKALA PRIORITAS Perpanjangan Jalur KRL dari Cikarang - Karawang DIBATALKAN Krn Anggaran Tak Cukup. Kebutuhan anggaran KRL jalur Cikarang-Subang kisaran Rp 5-6 T Anggaran Makan Bergizi Gratis (MBG) mencapai sekitar Rp 1 2 T per hari untuk program di th 2026 https://t.co/tczjCERD2Z;https://x.com/undefined/status/1968328784777707971;individual;relevan;https://x.com/undefined/status/1968328784777707971
17/09/2025 14:42;Anak-anak adalah masa depan bangsa. Melalui program makan bergizi gratis kita pastikan mereka tumbuh sehat cerdas dan siap bersaing. #GenerasiSehat #MakanBergiziGratis https://t.co/SuBWmTXTOH;https://x.com/undefined/status/1968324602905690269;individual;relevan;https://x.com/undefined/status/1968324602905690269
17/09/2025 16:09;Program Makan Bergizi Gratis (MBG) bukan sekadar bantuan tapi investasi jangka panjang untuk membentuk generasi unggul yang sehat cerdas dan berdaya saing tinggi. Inilah langkah nyata menuju Indonesia Emas 2045. #PenuhiGiziIndonesia https://t.co/EnxQtWNajM;https://x.com/undefined/status/1968346503690514839;individual;relevan;https://x.com/undefined/status/1968346503690514839
17/09/2025 23:09;@alineadotid Bersama Program Makan Bergizi Gratis masa depan masyarakat Indonesia semakin maju dan bergenerasi hebat. #FaktaIndonesia #MakanBergiziGratis #DukungMakanBergiziGratis #DukungProgramMakanBergiziGratis https://t.co/bAmUcfwnP9;https://x.com/undefined/status/1968452202277511510;individual;relevan;https://x.com/undefined/status/1968452202277511510
17/09/2025 14:48;Program Makan Bergizi Gratis Membawa Manfaat Positif Bagi Perekonomian dan Perbaikan Gizi Masyarakat https://t.co/k4IbYxJRLb;https://x.com/undefined/status/1968326250436649397;individual;relevan;https://x.com/undefined/status/1968326250436649397
17/09/2025 16:08;Program Makan Bergizi Gratis selalu memberikan kekuatan baru bagi anak-anak dan masyarakat. Dukung terus Program MBG! #PenuhiGiziIndonesia https://t.co/nBlEx9ADw6;https://x.com/undefined/status/1968346411650679289;individual;relevan;https://x.com/undefined/status/1968346411650679289
17/09/2025 11:03;MBG Modus Korupsi yang dengan sengaja mengorbankan anak Indonesia zolim @DPR_RI mingkem bae @KemenkeuRI Stop Anggaran MBG https://t.co/k8pvzlcSsJ;https://x.com/undefined/status/1968269670705999954;individual;relevan;https://x.com/undefined/status/1968269670705999954
17/09/2025 12:26;Ti ati ya DPRD dan Pemkot Prabumulih jangan lambat dan salah merespon. Sejak demo Agustus kmrin kesabaran rakyat thdp keadilan sudah setipis semangka MBG. https://t.co/0EnmpBfFAv;https://x.com/undefined/status/1968290373371118006;individual;not relevan;https://x.com/undefined/status/1968290373371118006
17/09/2025 23:09;@alineadotid Bersama Program Makan Bergizi Gratis masa depan masyarakat Indonesia semakin maju dan bergenerasi hebat. #FaktaIndonesia #MakanBergiziGratis #DukungMakanBergiziGratis #DukungProgramMakanBergiziGratis https://t.co/QhD6pflkAm;https://x.com/undefined/status/1968452160762351636;individual;relevan;https://x.com/undefined/status/1968452160762351636
17/09/2025 16:08;Program Makan Bergizi Gratis mendukung pemenuhan gizi anak sejak dini sehingga meningkatkan kualitas kesehatan dan daya saing generasi muda Indonesia. #PenuhiGiziIndonesia https://t.co/lLPpjMN662;https://x.com/undefined/status/1968346453585338653;individual;relevan;https://x.com/undefined/status/1968346453585338653
17/09/2025 20:22;Tololnya keterlaluan... Surat MBG di Brebes : Anak keracunan MBG orang tua dilarang menuntut https://t.co/0AdSK6zbmh;https://x.com/undefined/status/1968410171136458839;individual;relevan;https://x.com/undefined/status/1968410171136458839
17/09/2025 23:25;Program Makan Bergizi Gratis (MBG) terus menuai polemik. Kali ini MBG di Kabupaten Sragen viral di media sosial karena porsi makanan yang diberikan kepada siswa dinilai sangat kecil dan tidak sebanding dengan anggaran yang telah ditentukan pemerintah. Klik untuk baca: https://t.co/zpq83cy72s;https://x.com/undefined/status/1968456382648328631;media;relevan;https://x.com/undefined/status/1968456382648328631
17/09/2025 16:08;Program Makan Bergizi Gratis mendorong tumbuhnya usaha pangan lokal dan membuka lapangan kerja baru di berbagai daerah. #PenuhiGiziIndonesia https://t.co/XIXC19SHnK;https://x.com/undefined/status/1968346365211349345;individual;relevan;https://x.com/undefined/status/1968346365211349345
17/09/2025 16:09;Program Makan Bergizi Gratis (MBG) tidak hanya berdampak pada peningkatan gizi anak tetapi juga mendorong perputaran ekonomi lokal melalui pelibatan UMKM dan petani setempat. #PenuhiGiziIndonesia https://t.co/Fik9tQevMW;https://x.com/undefined/status/1968346616383107459;individual;relevan;https://x.com/undefined/status/1968346616383107459
17/09/2025 23:17;The video: (Konteksnya keracunan MBG) https://t.co/gwbodYU67j;https://x.com/undefined/status/1968454315766595697;individual;not relevan;https://x.com/undefined/status/1968454315766595697
17/09/2025 23:56;Makan Bergizi Gratis untuk generasi papua sehat dan cerdas https://t.co/koj1d7FUMa;https://x.com/undefined/status/1968464035512275114;individual;relevan;https://x.com/undefined/status/1968464035512275114
17/09/2025 22:41;Program Makan Bergizi Gratis meningkatkan kualitas gizi anak dan meningkatkan kualitas SDM #MakanBergiziGratis #ManfaatMBG #CegahStunting #DukungMBG #IndonesiaEmas20 https://t.co/1918YIwNX6;https://x.com/undefined/status/1968445156975370443;individual;relevan;https://x.com/undefined/status/1968445156975370443
17/09/2025 10:00;Tokoh Pemuda Bengkulu Desak Polri Usut Tuntas 539 Siswa dan Guru di Lebong Keracunan MBG https://t.co/nl03jKaa9E;https://x.com/undefined/status/1968253608455213546;media;relevan;https://x.com/undefined/status/1968253608455213546
17/09/2025 16:09;Program Makan Bergizi Gratis (MBG) hadir sebagai langkah strategis membentuk generasi sehat cerdas dan berdaya saing tinggi demi terwujudnya visi Indonesia Emas 2045. #PenuhiGiziIndonesia https://t.co/rjkN0yZL1I;https://x.com/undefined/status/1968346526843073002;individual;relevan;https://x.com/undefined/status/1968346526843073002
17/09/2025 16:09;Program Makan Bergizi Gratis mendukung tumbuh kembang anak secara optimal sebagai fondasi bagi terwujudnya Indonesia Emas 2045. #PenuhiGiziIndonesia https://t.co/vqerP1C1zo;https://x.com/undefined/status/1968346570400870577;individual;relevan;https://x.com/undefined/status/1968346570400870577
17/09/2025 19:28;aneh bgt anj orang orang ada anak yg keracunan mbg sampe kejang yg disalahin anaknya. katanya alergi masa udh gede gatau alerginya apa trus tetep makan mbgnya. pdhl yg keracunan sampe ratusan malah nyalahin korban aneh bgt anj. pas ngecek beritanya masalahnya karena ikan https://t.co/7Y48qjQPyn;https://x.com/undefined/status/1968396675275210944;individual;relevan;https://x.com/undefined/status/1968396675275210944
17/09/2025 23:58;Program Makan Bergizi Gratis Membawa Manfaat Positif Bagi Perekonomian dan Perbaikan Gizi Masyarakat https://t.co/Umf7snsERL;https://x.com/undefined/status/1968464493874184617;individual;relevan;https://x.com/undefined/status/1968464493874184617
17/09/2025 16:09;Program Makan Bergizi Gratis (MBG) hadir sebagai langkah strategis membentuk generasi sehat cerdas dan berdaya saing tinggi demi terwujudnya visi Indonesia Emas 2045. #PenuhiGiziIndonesia https://t.co/cUhq62pfJL;https://x.com/undefined/status/1968346547890131381;individual;relevan;https://x.com/undefined/status/1968346547890131381
17/09/2025 19:47;MBG berpetaka lagi https://t.co/0uJw3KqZng;https://x.com/undefined/status/1968401375194173906;individual;relevan;https://x.com/undefined/status/1968401375194173906
17/09/2025 16:56;@zanatul_91 Setiap hari selalu ada yg keracunan MBG https://t.co/GLCg7EbrDG;https://x.com/undefined/status/1968358505531982223;individual;relevan;https://x.com/undefined/status/1968358505531982223
17/09/2025 16:31;Ratusan Anak Sekolah di duga Keracunan makanan MBG di sekolahnya siang tadi di larikan ke UGD RS Trikora Salakan Kab. Banggai Kepulauan Rabu 17 September 2025 https://t.co/jIT9XhAOhl;https://x.com/undefined/status/1968352140319154533;individual;relevan;https://x.com/undefined/status/1968352140319154533
17/09/2025 23:08;@alineadotid Bersama Program Makan Bergizi Gratis masa depan masyarakat Indonesia semakin maju dan bergenerasi hebat. #FaktaIndonesia #MakanBergiziGratis #DukungMakanBergiziGratis #DukungProgramMakanBergiziGratis https://t.co/P4RDDtzY29;https://x.com/undefined/status/1968452116990828870;individual;relevan;https://x.com/undefined/status/1968452116990828870
17/09/2025 16:08;Program Makan Bergizi Gratis selalu memberikan kekuatan baru bagi anak-anak dan masyarakat. Dukung terus Program MBG! #PenuhiGiziIndonesia https://t.co/mmT8hGolep;https://x.com/undefined/status/1968346430009205033;individual;relevan;https://x.com/undefined/status/1968346430009205033
17/09/2025 14:34;*Biddokkes Polda Jateng Pastikan Standar Food Safety pada Program Makan Bergizi Gratis.* Polda Jateng Kota Semarang | Bidang Kedokteran dan Kesehatan (Biddokkes) Polda Jawa Tengah terus mengawal kualitas pangan dalam program Makan Bergizi Gratis (MBG) yang digulirkan pemerintah https://t.co/NhhhOtplUL;https://x.com/undefined/status/1968322713422098669;media;relevan;https://x.com/undefined/status/1968322713422098669
17/09/2025 17:36;Setiap hari ada yg keracunan MBG https://t.co/RGerx6ONk6;https://x.com/undefined/status/1968368393091969153;individual;relevan;https://x.com/undefined/status/1968368393091969153
17/09/2025 17:49;MBG berakhir ricuh... https://t.co/ZBecqRa3Ah;https://x.com/undefined/status/1968371664712024313;individual;relevan;https://x.com/undefined/status/1968371664712024313
17/09/2025 23:59;Makan Bergizi Gratis untuk generasi papua sehat dan cerdas https://t.co/Zq6p8pLBnP;https://x.com/undefined/status/1968464781507182747;individual;relevan;https://x.com/undefined/status/1968464781507182747
17/09/2025 11:50;Anggaran pendidikan menyebar ke mana-mana termasuk untuk program Makan Bergizi Gratis. Kemajuan pendidikan nasional pun jadi pertaruhan. #Dikbud #AdadiKompas https://t.co/BpSJID4c3r;https://x.com/undefined/status/1968281385770123596;media;relevan;https://x.com/undefined/status/1968281385770123596
17/09/2025 16:18;Hasil Uji Lab di Cina Temukan Minyak Babi di Ompreng Makan Bergizi Gratis HASIL uji laboratorium di Cina menunjukkan adanya penggunaan minyak babi dalam produksi ompreng atau food tray untuk program Makan Bergizi Gratis (MBG). Sekretaris Pengurus Wilayah Rabithah Ma ahid https://t.co/FtXMcxHSMk;https://x.com/undefined/status/1968348800126431709;individual;relevan;https://x.com/undefined/status/1968348800126431709
17/09/2025 13:29;M B G : - Makanan Bergizi Gratis - Makanan Beracun Gratis - Makanan Berbelatung Gratis Ah sudahlah..... Ntar buzer-buzer MBG langsung kompak nyerang gue. Wakakkakakakakka... #Ngik https://t.co/S3ipZkaiaZ;https://x.com/undefined/status/1968306284597592139;individual;relevan;https://x.com/undefined/status/1968306284597592139
17/09/2025 17:18;https://t.co/WvTeSEmjXO Kepala Staf Kepresidenan M. Qodari mengatakan program makan bergizi gratis (MBG) adalah program unggulan Pemerintah untuk mengatasi kesenjangan pangan.;https://x.com/undefined/status/1968363834365849826;media;relevan;https://x.com/undefined/status/1968363834365849826
17/09/2025 12:41;Badan Gizi Nasional (BGN) menegaskan mitra program Makan Bergizi Gratis (MBG) minimal harus berbadan hukum guna memberikan kepastian keamanan dan keberlanjutan pasokan bahan pangan. https://t.co/nEUEaxcTi1;https://x.com/undefined/status/1968294239961579991;media;relevan;https://x.com/undefined/status/1968294239961579991
17/09/2025 12:30;Makan Bergizi Gratis alias tinggal motek di pekarangan tetangga https://t.co/l5W0vMa9O8;https://x.com/undefined/status/1968291446580293990;suspend;relevan;https://x.com/undefined/status/1968291446580293990
17/09/2025 18:30;Belasan Siswa SMA Lamongan Dilarikan ke RS Usai Santap MBG https://t.co/sG2D2cwO3W;https://x.com/undefined/status/1968382027578884398;media;relevan;https://x.com/undefined/status/1968382027578884398
17/09/2025 22:59;Program unfaedah plus+plus+plus. Biaya pengobatan adik² yang keracunan jauh lebih mahal dari porsi MBG sontoloyo.;https://x.com/undefined/status/1968449770269327853;individual;relevan;https://x.com/undefined/status/1968449770269327853
17/09/2025 23:05;Orang indo ini tolol2 atau gimana sih? Di tiktok ada yang keracunan mbg LAGI. KOMENTARNYA BIKIN GUE PENGEN TERJUN BUAT OFF-ING MY LIFE RIGHT NOW. ITU KERACUNANNYA SAMPE ADA YANG KEJANG2 BANGSAT. KENAPA MASIH PADA kok bisa keracunan? TOLOL BGT AJG https://t.co/SZttZidbYz;https://x.com/undefined/status/1968451211226661016;individual;relevan;https://x.com/undefined/status/1968451211226661016
17/09/2025 11:50;Anggaran pendidikan menyebar ke mana-mana termasuk untuk program Makan Bergizi Gratis. Kemajuan pendidikan nasional pun jadi pertaruhan. #Dikbud #AdadiKompas https://t.co/GGnHWZHNja;https://x.com/undefined/status/1968281509070053636;media;relevan;https://x.com/undefined/status/1968281509070053636
17/09/2025 23:30;abis liat berita satu sekolah keracunan mbg terus komennya? masih pada belain prabowo katanya bukan salah prabowo karna bukan prabowo yang masak huhuh semoga ada hujan meteor menimpa indonesia;https://x.com/undefined/status/1968457562224763354;individual;relevan;https://x.com/undefined/status/1968457562224763354
17/09/2025 17:35;@strangers__87 @DPR_RI Pidato kenegaraan Presiden Prabowo pada 15 Agustus 2025 menarik fokus pada refleksi 80 tahun kemerdekaan pemberantasan korupsi (selamatkan Rp300 T) program makan bergizi gratis dan lawan kemiskinan ekstrem. Saya lihat ini langkah positif untuk kemajuan Indonesia tapi;https://x.com/undefined/status/1968368167656497608;individual;relevan;https://x.com/undefined/status/1968368167656497608
17/09/2025 13:09;Dukung Program Makan Bergizi Gratis #MakanBergiziGratis #GenerasiSehat #IndonesiaEmas https://t.co/sYUWi4D7BL;https://x.com/undefined/status/1968301398455722440;individual;relevan;https://x.com/undefined/status/1968301398455722440
17/09/2025 15:32;Tadi di domku ada kejadian kasus keracunan program MBG di salah satu MTS sampai muridnya dilarikan ke puskesmas terdekat. Itu anggaran mbg bisa dialihkan utk beasiswa dan gratisin beberapa hal terkait pendidikan tapi malah dialihin buat program makanan yang gak bergizi amat itu;https://x.com/undefined/status/1968337192633405532;individual;relevan;https://x.com/undefined/status/1968337192633405532
17/09/2025 17:28;@prabowo @OmbudsmanRI137 @DPR_RI @BPOM_RI @komnas_anak @DPDRI @bpkri @KemenkesRI @BPKN_RI @riekediahp @cakimiNOW @KPAI_official @IDNTimes @KPK_RI @Abe_Mukti @Kemdikdasmen @KejaksaanRI @kpp_pa @Kemenag_RI #MBG 17/9/2025 di banggai kepulauan SulTeng. 157 ANAK keracunan ada yang sampai kejang (dikabarkan kondisi kritis). *80 anak sempat diijinkan pulang 1 anak kembali dlm kondisi kejang. HALOOO!!! .@KejaksaanRI .@prabowo .@DPR_RI .@DPDRI https://t.co/YZGYrcKtkw;https://x.com/undefined/status/1968366342295425255;individual;relevan;https://x.com/undefined/status/1968366342295425255
17/09/2025 16:17;BGN Benarkan Baki Makan Bergizi Gratis Mengandung Lemak Babi BPOM Bungkam Hasil uji laboratorium di China mengonfirmasi lemak babi atau lard digunakan dalam produksi baki makan program Makan Bergizi Gratis (MBG). https://t.co/iWzm2QpUCs;https://x.com/undefined/status/1968348718023032870;individual;relevan;https://x.com/undefined/status/1968348718023032870
17/09/2025 11:57;Belum Ada Sekolah di Kotamobagu Sulut Terima Program Makan Bergizi Gratis https://t.co/BH0fLG6XW1;https://x.com/undefined/status/1968283127706693941;media;relevan;https://x.com/undefined/status/1968283127706693941
17/09/2025 14:08;Berarti anak sekolah itu jadi eksperimen gratis untuk program MBG.;https://x.com/undefined/status/1968316225269936618;individual;relevan;https://x.com/undefined/status/1968316225269936618
17/09/2025 15:17;Kanit Samapta Polsek Muara Batang Gadis Aiptu Indra Ali Akbar melaksanakan Patroli dan Sambang untuk antisipasi gangguan kamtibmas di Mila Ponsel Desa Singkuang 1 Kec. Muara Batang Gadis Kab. Madina. (17/09/2025) https://t.co/9e2Kn7ypQ1;https://x.com/undefined/status/1968333488677163286;media;not relevan;https://x.com/undefined/status/1968333488677163286
17/09/2025 16:28;Pj Gubernur Papua Agus Fatoni Dampingi Wapres Gibran Tinjau Program MBG di SMP Negeri 2 Sentani https://t.co/irCPdZvJG7 #beritaterkini #beritaviral #kabarterbaru #klikwarta #news #beritanasional;https://x.com/undefined/status/1968351292549644766;media;relevan;https://x.com/undefined/status/1968351292549644766
17/09/2025 22:45;Perluasan Program Makan Bergizi Gratis (MBG): Sasaran Baru Anggaran Besar dan Tantangan Tata Kelola https://t.co/e5NnSjTB7k;https://x.com/undefined/status/1968446290309914923;individual;relevan;https://x.com/undefined/status/1968446290309914923
17/09/2025 11:30;Nah... Ini terbukti bukan https://t.co/DgsJcjz63U https://t.co/v2fVp8aeO6;https://x.com/undefined/status/1968276346980999420;individual;relevan;https://x.com/undefined/status/1968276346980999420
17/09/2025 15:19;Bhabinkamtibmas Polsek Muara Batang Gadis Aiptu S. Bahri Lubis melaksanakan Pengecekan Giat Sat Pos Kamling sekaligus mensosialisasikan peran serta Pos Kamling dalam mencegah gangguan Kamtibmas di Pos Kamling Lumba-Lumba Desa Tabuyung Kec. Muara Batang Gadis Kab. Madina. https://t.co/5naW8enpqg;https://x.com/undefined/status/1968333919180517727;media;not relevan;https://x.com/undefined/status/1968333919180517727
17/09/2025 23:33;@Opposisi6890 @prabowo Kasus keracunan MBG sama saja membunuh generasi muda pelan2 hampir tiap hari kasus keracunan terjadi ;https://x.com/undefined/status/1968458443754258786;individual;relevan;https://x.com/undefined/status/1968458443754258786
17/09/2025 11:54;Badan Gizi Nasional (BGN) memastikan tidak pernah lepas tanggung jawab dalam hal kejadian luar biasa atau insiden keamanan pangan di pelaksanaan program makan bergizi gratis (MBG). Selengkapnya https://t.co/9cvsq7cryl;https://x.com/undefined/status/1968282464457294146;individual;relevan;https://x.com/undefined/status/1968282464457294146
17/09/2025 14:06;Baca artikel ini dan share pendapat kalian di kolom komentar! https://t.co/UNQQom8vlx;https://x.com/undefined/status/1968315664793571551;media;not relevan;https://x.com/undefined/status/1968315664793571551
17/09/2025 13:52;Kunjungi Sekolah Gubernur Wahid Tegaskan Komitmen Pemprov Riau Dukung Program MBG https://t.co/HOoIIW4Ehn;https://x.com/undefined/status/1968312159508873447;media;relevan;https://x.com/undefined/status/1968312159508873447
17/09/2025 13:22;MBG udah kayak Heliocentrism https://t.co/JH4gt8WAnK;https://x.com/undefined/status/1968304464701620242;individual;relevan;https://x.com/undefined/status/1968304464701620242
17/09/2025 15:56;yaAllah malem ini adek ku muntah-muntah banyak bgt sampe lemes karena dia keracunan MBG tai emang MBG ini yaAllah kasian adek ku ;https://x.com/undefined/status/1968343293336711204;individual;relevan;https://x.com/undefined/status/1968343293336711204
17/09/2025 23:59;"Makan Bergizi Gratis Hari ini Kita sajikan menu sehat enak dan praktis: Roti lembut dengan telur &amp; keju slice gurih Lalapan segar: selada timun dan tomat Buah melon manis menyegarkan Segelas susu penuh gizi #sppg #makanbergizigratis #sppgpaciran1 #sppg2025 https://t.co/XsMESuAQTb";https://x.com/undefined/status/1968464822800191589;media;relevan;https://x.com/undefined/status/1968464822800191589
17/09/2025 23:25;gue ga paham dah masyarakat daerah gue yg masih mendukung mbg mbg ini pdhal kemarin ratusan siswanya pada keracunan parah smpe kejang2 menuhin rumah sakit ;https://x.com/undefined/status/1968456185696403723;individual;relevan;https://x.com/undefined/status/1968456185696403723
17/09/2025 12:47;Peresmian Dapur SPPG Semper Barat 2 Wujud Dukungan Program Makan Bergizi Gratis di Jakarta Utara. https://t.co/PXfTULHB5Z #tniadmengabdidanmembangunbersamarakyat #tniad #tniadprima #kodamjaya #kodim0502 #dapursehat #sppg;https://x.com/undefined/status/1968295844085744125;media;relevan;https://x.com/undefined/status/1968295844085744125
17/09/2025 11:36;Dinas Kesehatan menjadi garda depan keberhasilan Makan Bergizi Gratis (MBG) di Lumajang Jawa Timur. Mulai dari survei penyedia pangan pelatihan pengelola uji laboratorium rutin hingga kontrol langsung oleh PIC di sekolah. https://t.co/fjrbrHxhSa;https://x.com/undefined/status/1968277945753231581;media;relevan;https://x.com/undefined/status/1968277945753231581
17/09/2025 17:21;MBG Makan Bergizi Gratis ? Atau Makan Beracun Gratis ? Atau Makan Basi Gratis ?;https://x.com/undefined/status/1968364630214127737;individual;relevan;https://x.com/undefined/status/1968364630214127737
17/09/2025 10:56;STOP KERACUNAN MBG !!! ️ https://t.co/V7UR2UXelJ;https://x.com/undefined/status/1968267727560495437;individual;relevan;https://x.com/undefined/status/1968267727560495437
17/09/2025 10:56;Sebuah rumah di Jalan Kinanti Kel. Turangga Kec. Lengkong Kota Bandung disegel warga. Penyebabnya karena rumah tersebut digunakan sebagai dapur untuk MBG. FULL : https://t.co/uXjHf3tNaY https://t.co/PVG9OhsgER;https://x.com/undefined/status/1968267732748747083;media;not relevan;https://x.com/undefined/status/1968267732748747083
17/09/2025 19:39;Harusnya Para anggota DPR / DPRD yang mempunyai Dapur MBG harus mengundurkan diri atau diberhentikan dari keanggotaannya... https://t.co/njhbtbuTv4;https://x.com/undefined/status/1968399512164253747;individual;relevan;https://x.com/undefined/status/1968399512164253747
17/09/2025 08:48;Kodim 1420/Sidrap melaksanakan pendampingan dan pengawasan ketat terhadap pendistribusian program Makan Bergizi Gratis Tahun 2025 di seluruh wilayah Kabupaten Sidrap. https://t.co/nmgHK95XsG;https://x.com/undefined/status/1968235608788373841;media;relevan;https://x.com/undefined/status/1968235608788373841
17/09/2025 13:35;Pemerintah pastikan sertifikasi halal untuk keberhasilan program makan bergizi gratis https://t.co/H7VEsjGOIu;https://x.com/undefined/status/1968307747373679042;individual;relevan;https://x.com/undefined/status/1968307747373679042
17/09/2025 09:19;setiap ada berita keracunan mbg selalu mikir siapa dan dimana dapurnya karena pasti ada beberapa dapur yang handle mbg dan seharusnya dapur yang masak mbg itu udah di filter dan di telusuri apakah cocok apa engga;https://x.com/undefined/status/1968243466540056655;individual;relevan;https://x.com/undefined/status/1968243466540056655
17/09/2025 11:46;PENERIMA manfaat program Makan Bergizi Gratis (MBG) nantinya akan diperluas tidak hanya menyasar peserta didik dan kelompok rentan (ibu hamil menyusui dan balita) https://t.co/pjvnVl2SGQ;https://x.com/undefined/status/1968280409453801774;media;relevan;https://x.com/undefined/status/1968280409453801774
17/09/2025 17:36;@strangers__87 @DPR_RI Menurut saya pidato Presiden Prabowo soal APBN 2026 menunjukkan ambisi kuat untuk pertumbuhan ekonomi 5-6% program MBG yang klaim ciptakan jutaan jobs dan penguatan pertahanan. Positifnya fokus pada kesejahteraan rakyat dan anti-korupsi. Tapi kritik dari ahli bilang data;https://x.com/undefined/status/1968368585753198662;individual;relevan;https://x.com/undefined/status/1968368585753198662
17/09/2025 15:14;Bhabinkamtibmas Polsek Muara Batang Gadis Aiptu S. Bahri Lubis melaksanakan Sambang dan Patroli sekaligus menyampaikan himbauan kamtibmas di Seputaran Desa Tabuyung Kec. Muara Batang Gadis Kab. Madina. (17/09/2025) https://t.co/bZykZpPznA;https://x.com/undefined/status/1968332742212694384;media;not relevan;https://x.com/undefined/status/1968332742212694384
17/09/2025 11:14;Anyway sekolah adekku 15 anak lebih ke rs today kayaknya emang keracunan mbg;https://x.com/undefined/status/1968272456327766312;individual;relevan;https://x.com/undefined/status/1968272456327766312
17/09/2025 12:20;Pak @prabowo Khabar berkali kali keracunan Program MBG tidak kah sampai ke telinga anda?;https://x.com/undefined/status/1968288942333247920;individual;relevan;https://x.com/undefined/status/1968288942333247920
17/09/2025 11:52;37 Siswa SMA dan SD di Baubau Sultra Diduga Keracunan Ayam Busuk MBG https://t.co/dWJZtEfSVS;https://x.com/undefined/status/1968281885861421100;media;relevan;https://x.com/undefined/status/1968281885861421100
17/09/2025 13:48;Filmnya jelek tapi gue pengen Untung Ratukore jadi pemeran di film @jokoanwar like yesterday. Sayang banget aktor dengan akting bagus banget talentanya kebuang di film propaganda MBG.;https://x.com/undefined/status/1968310988278812700;individual;not relevan;https://x.com/undefined/status/1968310988278812700
17/09/2025 22:52;harusnya as a calon/presiden bisa mikir resiko plus-minus dll sebelum dia bikin program kl udh kejadian keracunan mbg kek gini (untk ke sekian kalinya) kan kasian muridnya yg jadi korban. susah si kl presidennya wowo;https://x.com/undefined/status/1968448080199475418;individual;relevan;https://x.com/undefined/status/1968448080199475418
17/09/2025 13:05;Pakar Sesalkan Viral Surat Ortu Diminta Tak Gugat Keracunan Makan Bergizi Gratis https://t.co/M0UmESHrVO;https://x.com/undefined/status/1968300313733149143;media;relevan;https://x.com/undefined/status/1968300313733149143
17/09/2025 13:32;Kalo ada info yang rada-rada soal MBG. DM aja ya guys. Ini ada yang DM seperti ini barusan. Program MBG ini harus kita jaga bener https://t.co/mxIeQ2n8GH;https://x.com/undefined/status/1968307169369219258;individual;relevan;https://x.com/undefined/status/1968307169369219258
17/09/2025 10:41;Duduk Perkara Polemik Surat Berkop Kemenag Brebes terkait MBG https://t.co/Ml9NVBVK1x;https://x.com/undefined/status/1968264024782700682;media;relevan;https://x.com/undefined/status/1968264024782700682
17/09/2025 23:55;pagi pagi udah disuguhin konten tiktok anak keracunan mbg sampe kejang kejang terus buka komen malah babying our president and said he s not wrong kapan ya ketololan ini disembuhkan;https://x.com/undefined/status/1968463813545791746;individual;relevan;https://x.com/undefined/status/1968463813545791746
17/09/2025 23:31;MBG oh MBG Makan Beracun Goblok Akankah MBG bermuara - Korupsi? - Malnutrisi? Akankah Siswa bergerak meNEPALkan MBG krn meracuni generasi muda? https://t.co/faUG8aLZkw;https://x.com/undefined/status/1968457849316462890;individual;relevan;https://x.com/undefined/status/1968457849316462890
17/09/2025 23:18;Dan saya bingung ga ad gitu orang tua yg menolak mbg msh mau mengorbankan anaknya buat kemasukan belatung hihihihi ngeri amat;https://x.com/undefined/status/1968454628481134688;individual;relevan;https://x.com/undefined/status/1968454628481134688
17/09/2025 14:42;Dandim 1803/Fakfak Tinjau Program Makan Bergizi Gratis di Sekolah | https://t.co/yBq7koDgBg;https://x.com/undefined/status/1968324727539368263;media;relevan;https://x.com/undefined/status/1968324727539368263
17/09/2025 12:22;10 orang meninggal ribuan orang ilang siswa/i keracunan mbg and this is your next move? malu gue punya presiden kayak lo;https://x.com/undefined/status/1968289568920355130;individual;relevan;https://x.com/undefined/status/1968289568920355130
17/09/2025 12:30;"baca² pov dr guru murid ortu &amp; berita terkini ttg perjanjian di atas materai itu. Klo ada konspirasi gila nya: MBG mengatasi stunting MBG menurunkan kualitas pendidikan beneran ini hrs ditangani serius pak/bu ";https://x.com/undefined/status/1968291529853895078;individual;relevan;https://x.com/undefined/status/1968291529853895078
17/09/2025 21:19;Korban Keracunan MBG di Semin Gunungkidul Sudah Masuk Sekolah https://t.co/ijPcXMl2v8 https://t.co/LcFilz2lFy;https://x.com/undefined/status/1968424510681411847;media;relevan;https://x.com/undefined/status/1968424510681411847
17/09/2025 13:11;Budeg!!!! Masa begini ga ada yg kena sanksi .... Bloon !!! https://t.co/jXUYSCiuwI Sebanyak 150 pelajar di Garut mengalami gejala keracunan setelah mengonsumsi Makan Bergizi Gratis. 14 di antaranya dirawat intensif. Penyebab masih diselidiki.;https://x.com/undefined/status/1968301693147439398;individual;relevan;https://x.com/undefined/status/1968301693147439398
17/09/2025 13:13;program MBG merupakan program strategis utk mendongkrak perekonomian rakyat. namun sayang terlalu banyak oknum yg bermain shg mengurangi kualitas makanan MBG. dan pengurus dapur MBG tak kuasa utk memenuhi hasrat ambisi para oknum tersebut.;https://x.com/undefined/status/1968302332833419628;individual;relevan;https://x.com/undefined/status/1968302332833419628
17/09/2025 19:50;@KevinDota4 @GarasiKomedi Program MBG (Makan Bergizi Gratis) diluncurkan Januari 2025 telah menjangkau 20-21 juta penerima manfaat dengan klaim pemerintah tingkat keberhasilan 99% dan dukungan publik 64%. Namun ada kritik soal anggaran besar (hampir setengah dana pendidikan) dan isu halal pada;https://x.com/undefined/status/1968402303356215627;individual;relevan;https://x.com/undefined/status/1968402303356215627
17/09/2025 23:29;Saya pribadi dari pertama tidak setuju dgn program MBG lebih setuju pendidikan gratis!! Ternyata benar saja! Keracunan mknan tak bergizi makanan terbuang. Sayang banget anggarannya.;https://x.com/undefined/status/1968457435275747799;individual;relevan;https://x.com/undefined/status/1968457435275747799
17/09/2025 18:08;Di Palu sini udah mulai ada MBG dan bakal lebih meluas lagi cakupannya untuk skala kota karna udah mau bangun dapurnya juga. Kalo sampe nasi gorontalo harganya naik atau ayamnya menciut mah prabowo anjing;https://x.com/undefined/status/1968376566871900605;individual;relevan;https://x.com/undefined/status/1968376566871900605
17/09/2025 13:34;"Kata anak2 aku : MBG hambar &amp; suka bau jd pd gak doyan. Gurunya jg sbnernya malas Krn waktu istirahat mereka malah jd ngurusin pembagian MBG ke kelas. Emang ujung2nya pd gak dimakan mubazir bgt.";https://x.com/undefined/status/1968307675353215116;individual;relevan;https://x.com/undefined/status/1968307675353215116
17/09/2025 23:06;Ade di suruh bawa bekel dari rumah lagi ga mau tapi tiap hr mbg nya ga di makan pulang jam 3;https://x.com/undefined/status/1968451488788906192;individual;relevan;https://x.com/undefined/status/1968451488788906192
17/09/2025 11:53;Ini MBG apa ga bisa ksh uang nya aja ya biar orang tuanya masing masing aja yg masak gitu mubazir bnyk yg ga kemakan;https://x.com/undefined/status/1968282207283450343;individual;relevan;https://x.com/undefined/status/1968282207283450343
17/09/2025 13:28;Saya lagi nanya. Ini Jetis mana. Ada yang keracunan MBG dibawa ke RS https://t.co/s4zMtNATGq;https://x.com/undefined/status/1968306006066409854;individual;relevan;https://x.com/undefined/status/1968306006066409854
17/09/2025 23:21; Siswa kritis keracunan MBG Netizen tiktok: mungkin dia alergi ga mungkin kalau keracunan. Denial semua pendukungnya cocok lah sm wowo ;https://x.com/undefined/status/1968455324173484324;individual;relevan;https://x.com/undefined/status/1968455324173484324
17/09/2025 23:47;Bahan Baku MBG di SPPG Polri Semarang Dicek Kadar Gizinya 25 7 Persen https://t.co/V4lJLPnqfX;https://x.com/undefined/status/1968461757019734161;media;relevan;https://x.com/undefined/status/1968461757019734161
17/09/2025 22:30;150 Siswa di Garut Diduga Keracunan Usai Santap Menu MBG 14 Dirawat Intensif https://t.co/60iNso137i;https://x.com/undefined/status/1968442454270517413;media;relevan;https://x.com/undefined/status/1968442454270517413
17/09/2025 22:56;@Opposisi6890 @prabowo Kesana kemari kok siswa keracunan MBG kok ya masih diteruskan. Apa emang sengaja ya...?!;https://x.com/undefined/status/1968449096030605557;individual;relevan;https://x.com/undefined/status/1968449096030605557
17/09/2025 14:08;Kepercayaan bahwa produksi dan distribusi nasi jinggo lebih superior dibanding MBG.;https://x.com/undefined/status/1968316110023151653;individual;relevan;https://x.com/undefined/status/1968316110023151653
17/09/2025 19:29;@B3doel___ Kembali terjadi keracunan MBG;https://x.com/undefined/status/1968396805529649460;individual;relevan;https://x.com/undefined/status/1968396805529649460
17/09/2025 22:39;Bubarkan saja Mts Brebes kalau gitu MBG cuma buat modus korupsi saja;https://x.com/undefined/status/1968444826543604096;individual;relevan;https://x.com/undefined/status/1968444826543604096
17/09/2025 23:23;Biddokkes Polda Jateng Pastikan Standar Food Safety pada Program Makan Bergizi Gratis. https://t.co/Nb1LRC00Jy https://t.co/N4DXV7HWQB;https://x.com/undefined/status/1968455744799306156;media;relevan;https://x.com/undefined/status/1968455744799306156
17/09/2025 16:27;Siswa di Pamekasan Muntah Usai Santap Menu MBG Polisi Lakukan Penyelidikan / #Pamekasan https://t.co/0ctWZ29hXx;https://x.com/undefined/status/1968351051712782495;media;relevan;https://x.com/undefined/status/1968351051712782495
17/09/2025 13:56;Pedagang di Tulungagung Keluhkan Program Makan Bergizi Gratis UMKM Terdampak https://t.co/lptGJY2sLP;https://x.com/undefined/status/1968312999204241843;individual;relevan;https://x.com/undefined/status/1968312999204241843
17/09/2025 17:40;Bupati Langkat tegaskan program MBG harus tepat sasaran https://t.co/O9RWFNQAjC;https://x.com/undefined/status/1968369359019004202;media;relevan;https://x.com/undefined/status/1968369359019004202
17/09/2025 13:06;Sederet Kritik dan Evaluasi untuk MBG dari JPPI https://t.co/JQa47GUQa8;https://x.com/undefined/status/1968300568306483249;media;relevan;https://x.com/undefined/status/1968300568306483249
17/09/2025 12:47;Sebanyak 37 siswa dari SMA Negeri 7 Baubau dan SD Integral Hidayatullah diduga mengalami keracunan usai menyantap menu Makanan Bergizi Gratis (MBG) pada Selasa (16/9/2025). Para siswa yang mengalami gejala seperti mual pusing muntah hingga diare langsung dilarikan ke https://t.co/sPWvVxzNqw;https://x.com/undefined/status/1968295769192247322;media;relevan;https://x.com/undefined/status/1968295769192247322
17/09/2025 23:01;Kahfi Sebut MBG Instrumen Strategis Memutus Rantai Stunting https://t.co/7pwfxZs9Cg MAKASSAR BKM Badan Gizi Nasional (BGN) dan Komisi IX DPR RI menegaskan bahwa Program Makan Bergizi Gratis (MBG) bukan sekadar program bantuan makanan melainkan instrumen strategis negara un ;https://x.com/undefined/status/1968450376933290422;media;relevan;https://x.com/undefined/status/1968450376933290422
17/09/2025 13:08;BGN Benarkan Baki Makan Bergizi Gratis Mengandung Lemak Babi BPOM Bungkam https://t.co/vuWQ8LO1L4;https://x.com/undefined/status/1968301129735004305;media;relevan;https://x.com/undefined/status/1968301129735004305
17/09/2025 11:55;[TODAY STREAM] Selamat malam Kalaxy~ Rasanya udah 1000 tahun engga stream gambar Saatnya MBG! Menggambar Bagus Gratis~ Karin akan gambar Vtuber di stream kali ini! ⏰Today 19:00 WIB / 7 PM https://t.co/M3yQtSGVAF #StarshipMeeting #Karin_Nathania https://t.co/NDdBk8PomR;https://x.com/undefined/status/1968282584695349526;individual;not relevan;https://x.com/undefined/status/1968282584695349526
17/09/2025 14:47; Menolak Makan Bergizi Gratis;https://x.com/undefined/status/1968325999789277566;individual;relevan;https://x.com/undefined/status/1968325999789277566
17/09/2025 14:53;Banyak juga ya di garut yang keracunan mbg;https://x.com/undefined/status/1968327365328863480;individual;relevan;https://x.com/undefined/status/1968327365328863480
17/09/2025 15:21;@BlueNgab @CNNIndonesia Berdasarkan pencarian berita hingga 17 September 2025 dari sumber seperti BBC Kompas dan Detik belum ada korban jiwa yang dilaporkan akibat keracunan MBG. Ribuan siswa (sekitar 1.300-4.000 kasus) terdampak tapi semua kasus melibatkan gejala seperti mual dan rawat inap tanpa;https://x.com/undefined/status/1968334574079094803;media;relevan;https://x.com/undefined/status/1968334574079094803
17/09/2025 22:23;Lagi 6 Murid SD Keracunan Usai Santap Menu Makan Bergizi Gratis di Brebes Ortu Dilarang Menuntut https://t.co/850Xr7Svgd via @tribunmedan;https://x.com/undefined/status/1968440752897433855;media;relevan;https://x.com/undefined/status/1968440752897433855
17/09/2025 10:09;Baru Terealisasi 9 SPPG Pemkab Magetan Kebut Pembangunan 38 Dapur Program MBG https://t.co/huocQ8VPmY;https://x.com/undefined/status/1968255980703236197;media;relevan;https://x.com/undefined/status/1968255980703236197
17/09/2025 15:47;@yangchandoy keracunan mbg kah??;https://x.com/undefined/status/1968340931557695753;individual;relevan;https://x.com/undefined/status/1968340931557695753
17/09/2025 15:23;Belasan Siswa Keracunan Bupati Lamongan akan Evaluasi MBG https://t.co/FWS1C8nvPQ;https://x.com/undefined/status/1968334916154016236;media;relevan;https://x.com/undefined/status/1968334916154016236
17/09/2025 15:27;Video: 13 Siswa di Lamongan Keracunan Usai Santap MBG Bupati Evaluasi https://t.co/aNc9eHZyLF;https://x.com/undefined/status/1968336120686748024;media;relevan;https://x.com/undefined/status/1968336120686748024
17/09/2025 12:51;EH INI DI LOKASI AKU RISET BANYAK YANG KERACUNAN MBG;https://x.com/undefined/status/1968296848181084296;individual;relevan;https://x.com/undefined/status/1968296848181084296
17/09/2025 17:55;Asal Usul Surat Pernyataan Penolakan MBG di Sampang Terungkap Wali Murid Beberkan Alasan https://t.co/of6R7LWIMk #sampang #mbg #makanbergizigratis #jatim #jawatimur #kabarterdepan;https://x.com/undefined/status/1968373328663691374;media;relevan;https://x.com/undefined/status/1968373328663691374
17/09/2025 08:23;Hampir sama aja. MBG tdk semua jadi t*ik tapi ada jg gizi yg masuk ke tubuh anak itu jg termasuk membentuk SDM walau masih sangat kurang. Infrastruktur bisa saja terus merugi dan terus menerus menjadi beban. Kesimpulannya? Sama saja! Jangan tertipu hanya krn lebih material;https://x.com/undefined/status/1968229246406627407;individual;relevan;https://x.com/undefined/status/1968229246406627407
